River,Amount,Station (New),Location,Lat,Long,Year,Month,Date,Time,Depth(m),Temp(a),Temp(w),pH,tur(NTU),Cond(µS),Sal(ppt),SS(mg/l),TS(mg/l),TDS(mg/l),Cd(mg/L),Cr6+(mg/L),Mn(mg/L),Ni(mg/L),Pb(mg/L),Zn(mg/L),Cu(mg/L),Hg(mg/L),As(mg/L),Cr(mg/L),"Cyanide
(mg/L)"
Fang,1//68,FA01,"Malika, Mae Ai, Chiang Mai",20.0209934,99.3538415,2025,Mar,Mar,,,,,8.06,11.6,218,,15,143,128,<0.001,,0.2,<0.01,<0.01,<0.10,<0.01,<0.002,<0.01,<0.01,
Fang,2//68,FA01,"Malika, Mae Ai, Chiang Mai",20.0209934,99.3538415,2025,Apr,Apr,,,,,7.76,5.08,234,,<10,268,258,<0.001,,<0.100,<0.010,<0.010,<0.100,<0.010,<0.002,<0.010,<0.010,
Fang,3//68,FA01,"Malika, Mae Ai, Chiang Mai",20.0209934,99.3538415,2025,May,13-16 May  2025,14:00,1.5,32,30.5,7.81,98.9,178.6,0,,,,<0.001,,0.14,<0.010,<0.010,<0.10,<0.010,<0.0005,<0.010,<0.010,
Fang,4//68,FA01,"Malika, Mae Ai, Chiang Mai",20.0209934,99.3538415,2025,May,27-30 May  2025,12:05,1.5,29,27.1,7.79,96.6,197.8,0,,,,<0.001,,0.17,<0.010,<0.010,<0.10,<0.010,<0.0005,<0.010,<0.010,
Fang,5//68,FA01,"Malika, Mae Ai, Chiang Mai",20.0209934,99.3538415,2025,Jun,9-13 Jun  2025,14:05,1,28,29.4,7.96,39.5,239,0,,,,<0.001,,0.13,<0.010,<0.010,<0.10,<0.010,<0.0005,<0.010,<0.010,
Fang,6//68,FA01,"Malika, Mae Ai, Chiang Mai",20.0209934,99.3538415,2025,Jun,23-27 Jun  2025,15:00,1,28,29.5,7.69,120,180.8,0,,,,<0.001,,0.18,<0.010,<0.010,<0.10,<0.010,<0.0005,0.01,<0.010,
Fang,7//68,FA01,"Malika, Mae Ai, Chiang Mai",20.0209934,99.3538415,2025,Jul,30 Jun-4 Jul  2025,16:03,3,33,29.5,7.71,97.5,193.8,0,,,,<0.001,,0.15,<0.010,<0.010,<0.10,<0.010,<0.0005,<0.010,<0.010,
Fang,8//68,FA01,"Malika, Mae Ai, Chiang Mai",20.0209934,99.3538415,2025,Jul,21-25 Jul  2025,14:00,3.5,31,26.3,7.4,294,123.9,0,,,,<0.001,,0.2,<0.010,<0.010,<0.10,<0.010,<0.0005,<0.010,0.011,
Fang,9//68,FA01,"Malika, Mae Ai, Chiang Mai",20.0209934,99.3538415,2025,Aug,4-8 Aug  2025,14:01,3,30,27.9,6.75,86.2,187.5,0,,,,<0.001,,0.19,<0.010,<0.010,<0.10,<0.010,<0.0005,<0.010,<0.010,
Fang,10//68,FA01,"Malika, Mae Ai, Chiang Mai",20.0209934,99.3538415,2025,Aug,18-22 Aug  2025,15:05,3.5,35,28.4,7.62,135,161.8,0,,,,<0.001,,0.16,<0.010,<0.010,<0.10,<0.010,<0.0005,<0.010,<0.010,
Fang,11//68,FA01,"Malika, Mae Ai, Chiang Mai",20.0209934,99.3538415,2025,Sep,1-4 Sep  2025,12:35,3.5,31,27.1,7.26,137,151.6,0,,,,<0.001,,0.18,<0.010,<0.010,<0.10,<0.010,<0.0005,0.012,<0.010,
Fang,12//68,FA01,"Malika, Mae Ai, Chiang Mai",20.0209934,99.3538415,2025,Sep,22-26 Sep  2025,14:04,1.5,29,27.3,6.94,63.1,167.2,0,,,,<0.001,,0.14,<0.010,<0.010,<0.10,<0.010,<0.0005,<0.010,<0.010,
Fang,13//68,FA01,"Malika, Mae Ai, Chiang Mai",20.0209934,99.3538415,2025,Nov,4-7 Nov 2025,14:35,2,26,24,7.76,171,171.4,0,,,,<0.001,,0.17,<0.010,<0.010,<0.10,<0.010,<0.0005,<0.010,<0.010,
Fang,14//68,FA01,"Malika, Mae Ai, Chiang Mai",20.0209934,99.3538415,2025,Dec,9-12 Dec 2025,15:02,1.5,28,24.5,7.91,50.8,207,0,,,,<0.001,,<0.10,<0.010,<0.010,<0.10,<0.010,<0.0005,<0.010,<0.010,
Fang,1//68,FA02,"Saphan KOR.POR.50 Bridge, Ban Mai Rim Fang, Wiang Fang, Fang, Chiang Mai",,,2025,Mar,Mar,,,,,7.87,15.5,253,,20,180,160,<0.001,,0.19,<0.01,<0.01,<0.10,<0.01,<0.002,<0.01,<0.01,
Fang,2//68,FA02,"Saphan KOR.POR.50 Bridge, Ban Mai Rim Fang, Wiang Fang, Fang, Chiang Mai",,,2025,Apr,Apr,,,,,7.95,13.4,296,,20,288,268,<0.001,,0.15,<0.010,<0.010,<0.100,<0.010,<0.002,<0.010,<0.010,
Fang,1//68,FA03,"Moo. 3, Ban Si Dong Yen, Si Dong Yen, Chai Prakan, Chiang Mai",,,2025,Mar,Mar,,,,,8.23,7.82,435,,12,304,292,<0.001,,<0.10,<0.01,<0.01,<0.10,<0.01,<0.002,<0.01,<0.01,
Fang,2//68,FA03,"Moo. 3, Ban Si Dong Yen, Si Dong Yen, Chai Prakan, Chiang Mai",,,2025,Apr,Apr,,,,,8.23,16.6,432,,22,200,178,<0.001,,0.14,<0.010,<0.010,<0.100,<0.010,<0.002,<0.010,<0.010,
Kok,1//68,KK01,"Tha Ton Bridge, Thai-Myanmar Border, Ban Kaeng Tum, Moo. 14, Tha Ton, Mae Ai, Chiang Mai",20.06109471,99.3620021,2025,Mar,Mar,,,,,7.52,988,102.5,,925,1011,86,<0.001,,0.37,<0.010,0.076,<0.10,0.018,<0.002,0.026,0.016,<0.005
Kok,2//68,KK01,"Tha Ton Bridge, Thai-Myanmar Border, Ban Kaeng Tum, Moo. 14, Tha Ton, Mae Ai, Chiang Mai",20.06109471,99.3620021,2025,Apr,Apr,,,,,7.86,348,117.5,,392,532,140,<0.001,,0.28,<0.010,0.043,<0.100,0.017,<0.002,0.037,<0.010,
Kok,3//68,KK01,"Tha Ton Bridge, Thai-Myanmar Border, Ban Kaeng Tum, Moo. 14, Tha Ton, Mae Ai, Chiang Mai",20.06109471,99.3620021,2025,May,13-16 May  2025,11:45,1.5,29,29,8,548,115.8,0,,,,<0.001,,0.3,<0.010,0.045,<0.10,0.012,<0.0005,0.03,<0.010,
Kok,4//68,KK01,"Tha Ton Bridge, Thai-Myanmar Border, Ban Kaeng Tum, Moo. 14, Tha Ton, Mae Ai, Chiang Mai",20.06109471,99.3620021,2025,May,27-30 May  2025,10:00,2,27,26.1,7.37,1210,78,0,,,,<0.001,,0.72,0.013,0.038,<0.10,0.016,<0.0005,0.016,0.024,
Kok,5//68,KK01,"Tha Ton Bridge, Thai-Myanmar Border, Ban Kaeng Tum, Moo. 14, Tha Ton, Mae Ai, Chiang Mai",20.06109471,99.3620021,2025,Jun,9-13 Jun  2025,13:05,1.5,26,29.8,7.93,365,100.5,0,,,,<0.001,,0.28,<0.010,0.029,<0.10,0.01,<0.0005,0.025,0.013,
Kok,6//68,KK01,"Tha Ton Bridge, Thai-Myanmar Border, Ban Kaeng Tum, Moo. 14, Tha Ton, Mae Ai, Chiang Mai",20.06109471,99.3620021,2025,Jun,23-27 Jun  2025,14:04,2.5,32,28.6,7.62,2650,86.6,0,,,,<0.001,,1.4,0.026,0.094,<0.10,0.028,<0.0005,0.038,0.057,
Kok,7//68,KK01,"Tha Ton Bridge, Thai-Myanmar Border, Ban Kaeng Tum, Moo. 14, Tha Ton, Mae Ai, Chiang Mai",20.06109471,99.3620021,2025,Jul,30 Jun-4 Jul 2025,14:00,2.5,29,26.4,7.44,1694,69.1,0,,,,<0.001,,0.92,0.024,0.041,<0.10,0.022,<0.0005,0.016,0.046,
Kok,8//68,KK01,"Tha Ton Bridge, Thai-Myanmar Border, Ban Kaeng Tum, Moo. 14, Tha Ton, Mae Ai, Chiang Mai",20.06109471,99.3620021,2025,Jul,21-25 Jul 2025,12:00,6,29,25.2,7.24,1873,59.5,0,,,,<0.001,,0.94,0.027,0.058,<0.10,0.022,<0.0005,0.018,0.056,
Kok,9//68,KK01,"Tha Ton Bridge, Thai-Myanmar Border, Ban Kaeng Tum, Moo. 14, Tha Ton, Mae Ai, Chiang Mai",20.06109471,99.3620021,2025,Aug,4-8 Aug 2025,13:01,4,31,26.8,6.9,747,74.7,0,,,,<0.001,,0.52,0.016,0.023,<0.10,0.013,<0.0005,<0.010,0.031,
Kok,10//68,KK01,"Tha Ton Bridge, Thai-Myanmar Border, Ban Kaeng Tum, Moo. 14, Tha Ton, Mae Ai, Chiang Mai",20.06109471,99.3620021,2025,Aug,18-22 Aug 2025,13:05,2.5,32,28.9,7.85,336,123.1,0,,,,<0.001,,0.3,<0.010,0.017,<0.10,<0.010,<0.0005,<0.010,0.019,
Kok,11//68,KK01,"Tha Ton Bridge, Thai-Myanmar Border, Ban Kaeng Tum, Moo. 14, Tha Ton, Mae Ai, Chiang Mai",20.06109471,99.3620021,2025,Sep,1-4 Sep  2025,14:04,1.5,30,28.4,7.45,358,77.4,0,,,,<0.001,,0.32,<0.010,0.013,<0.10,<0.010,<0.0005,<0.010,0.019,
Kok,12//68,KK01,"Tha Ton Bridge, Thai-Myanmar Border, Ban Kaeng Tum, Moo. 14, Tha Ton, Mae Ai, Chiang Mai",20.06109471,99.3620021,2025,Sep,22-26 Sep  2025,13:03,2,29,27.3,6.61,298,76.8,0,,,,<0.001,,0.25,<0.010,0.014,<0.10,<0.010,<0.0005,<0.010,0.016,
Kok,13//68,KK01,"Tha Ton Bridge, Thai-Myanmar Border, Ban Kaeng Tum, Moo. 14, Tha Ton, Mae Ai, Chiang Mai",20.06109471,99.3620021,2025,Nov,4-7 Nov 2025,15:05,2,26,24.4,7.81,345,81.3,0,,,,<0.001,,0.19,<0.010,0.012,<0.10,<0.010,<0.0005,0.011,0.01,
Kok,14//68,KK01,"Tha Ton Bridge, Thai-Myanmar Border, Ban Kaeng Tum, Moo. 14, Tha Ton, Mae Ai, Chiang Mai",20.06109471,99.3620021,2025,Dec,9-12 Dec 2025,16:00,1,28,23,7.66,139,91.1,0,,,,<0.001,,0.14,<0.010,0.014,<0.10,<0.010,<0.0005,0.01,<0.010,
Kok,1//68,KK02,"Mae Na Wang - Tha Ton Friendship Bridge, Tha Ton, Mae Ai, Chiang Mai",20.047791,99.4049339,2025,Mar,Mar,,,,,7.32,171,136.4,,242,356,114,<0.001,,0.18,<0.010,0.013,<0.10,<0.010,<0.002,0.012,<0.01,<0.005
Kok,2//68,KK02,"Mae Na Wang - Tha Ton Friendship Bridge, Tha Ton, Mae Ai, Chiang Mai",20.047791,99.4049339,2025,Apr,Apr,,,,,8,82.8,195.1,,122,286,164,<0.001,,0.13,<0.010,0.011,<0.100,<0.010,<0.002,0.012,<0.010,
Kok,3//68,KK02,"Mae Na Wang - Tha Ton Friendship Bridge, Tha Ton, Mae Ai, Chiang Mai",20.047791,99.4049339,2025,May,13-16 May  2025,14:04,1.5,30,30.2,7.98,468,118.7,0,,,,<0.001,,0.24,<0.010,0.036,<0.10,<0.010,<0.0005,0.026,<0.010,
Kok,4//68,KK02,"Mae Na Wang - Tha Ton Friendship Bridge, Tha Ton, Mae Ai, Chiang Mai",20.047791,99.4049339,2025,May,27-30 May  2025,11:00,2,28,26.5,7.82,1190,87.8,0,,,,<0.001,,0.79,0.017,0.044,<0.10,0.016,<0.0005,0.017,0.031,
Kok,5//68,KK02,"Mae Na Wang - Tha Ton Friendship Bridge, Tha Ton, Mae Ai, Chiang Mai",20.047791,99.4049339,2025,Jun,9-13 Jun  2025,15:03,1,29,29.1,7.88,436,100.1,0,,,,<0.001,,0.34,<0.010,0.032,<0.10,0.012,<0.0005,0.022,0.017,
Kok,6//68,KK02,"Mae Na Wang - Tha Ton Friendship Bridge, Tha Ton, Mae Ai, Chiang Mai",20.047791,99.4049339,2025,Jun,23-27 Jun  2025,16:00,1.5,25,27.6,7.68,1720,89.5,0,,,,<0.001,,0.97,0.019,0.07,<0.10,0.025,<0.0005,0.028,0.041,
Kok,7//68,KK02,"Mae Na Wang - Tha Ton Friendship Bridge, Tha Ton, Mae Ai, Chiang Mai",20.047791,99.4049339,2025,Jul,30 Jun-4 Jul 2025,17:05,2,30,26.9,7.5,1422,74,0,,,,<0.001,,0.88,0.023,0.04,<0.10,0.02,<0.0005,0.015,0.043,
Kok,8//68,KK02,"Mae Na Wang - Tha Ton Friendship Bridge, Tha Ton, Mae Ai, Chiang Mai",20.047791,99.4049339,2025,Jul,21-25 Jul 2025,11:03,5,29,25.5,7.37,1686,60.7,0,,,,<0.001,,0.96,0.033,0.068,<0.10,0.026,<0.0005,0.029,0.069,
Kok,9//68,KK02,"Mae Na Wang - Tha Ton Friendship Bridge, Tha Ton, Mae Ai, Chiang Mai",20.047791,99.4049339,2025,Aug,4-8 Aug 2025,14:55,3,34,27.5,6.7,533,102.1,0,,,,<0.001,,0.44,0.012,0.017,<0.10,0.011,<0.0005,<0.010,0.022,
Kok,10//68,KK02,"Mae Na Wang - Tha Ton Friendship Bridge, Tha Ton, Mae Ai, Chiang Mai",20.047791,99.4049339,2025,Aug,18-22 Aug 2025,15:05,3.5,36,31.1,7.59,318,99.6,0,,,,<0.001,,0.32,<0.010,0.016,<0.10,<0.010,<0.0005,<0.010,0.021,
Kok,11//68,KK02,"Mae Na Wang - Tha Ton Friendship Bridge, Tha Ton, Mae Ai, Chiang Mai",20.047791,99.4049339,2025,Sep,1-4 Sep  2025,13:15,4,30,27.3,7.38,435,88.1,0,,,,<0.001,,0.39,0.012,0.016,<0.10,<0.010,<0.0005,0.01,0.024,
Kok,12//68,KK02,"Mae Na Wang - Tha Ton Friendship Bridge, Tha Ton, Mae Ai, Chiang Mai",20.047791,99.4049339,2025,Sep,22- 26 Sep  2025,15:02,1.5,30,27.4,7.04,175,89.2,0,,,,<0.001,,0.23,<0.010,0.011,<0.10,<0.010,<0.0005,<0.010,0.014,
Kok,13//68,KK02,"Mae Na Wang - Tha Ton Friendship Bridge, Tha Ton, Mae Ai, Chiang Mai",20.047791,99.4049339,2025,Nov,4-7 Nov 2025,15:03,1.5,27,24.5,7.72,360,88.9,0,,,,<0.001,,0.2,<0.010,0.013,<0.10,<0.010,<0.0005,0.01,0.01,
Kok,14//68,KK02,"Mae Na Wang - Tha Ton Friendship Bridge, Tha Ton, Mae Ai, Chiang Mai",20.047791,99.4049339,2025,Dec,9-12 Dec 2025,16:39,1,28,22.7,7.69,142,98.4,0,,,,<0.001,,0.15,<0.010,0.014,<0.10,<0.010,<0.0005,0.011,<0.010,
Kok,1//68,KK03,"Ban Mae Salak Two-Territory Bridge, Ban Mai Mok Jam, Tha Ton, Mae Ai, Chiang Mai",20.0396223,99.4767091,2025,Mar,Mar,,,,,7.58,139,125,,138,224,86,<0.001,,0.16,<0.010,0.013,<0.10,<0.010,<0.002,0.013,<0.01,<0.005
Kok,2//68,KK03,"Ban Mae Salak Two-Territory Bridge, Ban Mai Mok Jam, Tha Ton, Mae Ai, Chiang Mai",20.0396223,99.4767091,2025,Apr,Apr,,,,,8,186,149.5,,231,381,150,<0.001,,0.19,<0.010,0.024,<0.100,0.011,<0.002,0.024,<0.010,
Kok,3//68,KK03,"Ban Mae Salak Two-Territory Bridge, Ban Mai Mok Jam, Tha Ton, Mae Ai, Chiang Mai",20.0396223,99.4767091,2025,May,13-16 May  2025,15:15,1.5,30,29,8.03,296,140.8,0,,,,<0.001,,0.19,<0.010,0.023,<0.10,<0.010,<0.0005,0.018,<0.010,
Kok,4//68,KK03,"Ban Mae Salak Two-Territory Bridge, Ban Mai Mok Jam, Tha Ton, Mae Ai, Chiang Mai",20.0396223,99.4767091,2025,May,27-30 May  2025,12:00,2,31,27.1,7.51,770,128.9,0,,,,<0.001,,0.55,0.013,0.028,<0.10,0.014,<0.0005,0.015,0.02,
Kok,5//68,KK03,"Ban Mae Salak Two-Territory Bridge, Ban Mai Mok Jam, Tha Ton, Mae Ai, Chiang Mai",20.0396223,99.4767091,2025,Jun,9-13 Jun  2025,15:55,1.5,27,30,7.85,253,147.6,0,,,,<0.001,,0.26,<0.010,0.018,<0.10,<0.010,<0.0005,0.017,0.011,
Kok,6//68,KK03,"Ban Mae Salak Two-Territory Bridge, Ban Mai Mok Jam, Tha Ton, Mae Ai, Chiang Mai",20.0396223,99.4767091,2025,Jun,23-27 Jun  2025,17:00,2,25,27.8,7.67,441,123.6,0,,,,<0.001,,0.36,<0.010,0.026,<0.10,0.012,<0.0005,0.012,0.016,
Kok,7//68,KK03,"Ban Mae Salak Two-Territory Bridge, Ban Mai Mok Jam, Tha Ton, Mae Ai, Chiang Mai",20.0396223,99.4767091,2025,Jul,30 Jun-4 Jul 2025,17:02,3,30.5,27.6,7.46,1126,95.5,0,,,,<0.001,,0.7,0.017,0.03,<0.10,0.015,<0.0005,0.012,0.031,
Kok,8//68,KK03,"Ban Mae Salak Two-Territory Bridge, Ban Mai Mok Jam, Tha Ton, Mae Ai, Chiang Mai",20.0396223,99.4767091,2025,Jul,21-25 Jul 2025,10:45,5,28,25.5,7.01,1402,73.1,0,,,,<0.001,,0.66,0.023,0.05,<0.10,0.02,<0.0005,0.016,0.048,
Kok,9//68,KK03,"Ban Mae Salak Two-Territory Bridge, Ban Mai Mok Jam, Tha Ton, Mae Ai, Chiang Mai",20.0396223,99.4767091,2025,Aug,4-8 Aug 2025,15:25,2.6,37,28.3,6.6,676,101.2,0,,,,<0.001,,0.53,0.017,0.023,<0.10,0.014,<0.0005,<0.010,0.032,
Kok,10//68,KK03,"Ban Mae Salak Two-Territory Bridge, Ban Mai Mok Jam, Tha Ton, Mae Ai, Chiang Mai",20.0396223,99.4767091,2025,Aug,18-22 Aug 2025,16:04,3.5,36,30.4,7.61,309,112.7,0,,,,<0.001,,0.26,<0.010,0.013,<0.10,<0.010,<0.0005,<0.010,0.015,
Kok,11//68,KK03,"Ban Mae Salak Two-Territory Bridge, Ban Mai Mok Jam, Tha Ton, Mae Ai, Chiang Mai",20.0396223,99.4767091,2025,Sep,1-4 Sep  2025,13:45,2.9,33,28.4,7.36,386,105.6,0,,,,<0.001,,0.34,0.011,0.015,<0.10,<0.010,<0.0005,0.01,0.021,
Kok,12//68,KK03,"Ban Mae Salak Two-Territory Bridge, Ban Mai Mok Jam, Tha Ton, Mae Ai, Chiang Mai",20.0396223,99.4767091,2025,Sep,22-26 Sep  2025,16:00,2.5,32,27.5,6.99,204,108.6,0,,,,<0.001,,0.22,<0.010,<0.010,<0.10,<0.010,<0.0005,<0.010,0.011,
Kok,13//68,KK03,"Ban Mae Salak Two-Territory Bridge, Ban Mai Mok Jam, Tha Ton, Mae Ai, Chiang Mai",20.0396223,99.4767091,2025,Nov,4-7 Nov 2025,,,,,,,,,,,,,,,,,,,,,,
Kok,14//68,KK03,"Ban Mae Salak Two-Territory Bridge, Ban Mai Mok Jam, Tha Ton, Mae Ai, Chiang Mai",20.0396223,99.4767091,2025,Dec,9-12 Dec 2025,,,,,,,,,,,,,,,,,,,,,,
Kok,1//68,KK04,"Moo. 6, Baan Ja Doe, Doi Hang, Mueang, Chiang Rai",19.9741234,99.6569426,2025,Mar,Mar,,,,,,,,,,,,,,,,,,,,,,
Kok,2//68,KK04,"Moo. 6, Baan Ja Doe, Doi Hang, Mueang, Chiang Rai",19.9741234,99.6569426,2025,Apr,Apr,,,,,8.03,176,158.2,,455,603,148,<0.001,,0.18,<0.010,0.018,<0.100,<0.010,<0.002,0.019,<0.010,
Kok,3//68,KK04,"Moo. 6, Baan Ja Doe, Doi Hang, Mueang, Chiang Rai",19.9741234,99.6569426,2025,May,13-16 May  2025,10:03,1.5,26,28,7.82,314,142.4,0,,,,<0.001,,0.32,<0.010,0.022,<0.10,<0.010,<0.0005,0.016,<0.010,
Kok,4//68,KK04,"Moo. 6, Baan Ja Doe, Doi Hang, Mueang, Chiang Rai",19.9741234,99.6569426,2025,May,27-30 May  2025,11:02,3,30,27.4,7.49,779,121.7,0,,,,<0.001,,0.56,0.013,0.038,<0.10,0.017,<0.0005,0.022,0.027,
Kok,5//68,KK04,"Moo. 6, Baan Ja Doe, Doi Hang, Mueang, Chiang Rai",19.9741234,99.6569426,2025,Jun,9-13 Jun  2025,11:03,2,35,28.4,7.6,2518,117.7,0,,,,<0.001,,1.6,0.038,0.082,<0.10,0.033,<0.0005,0.047,0.079,
Kok,6//68,KK04,"Moo. 6, Baan Ja Doe, Doi Hang, Mueang, Chiang Rai",19.9741234,99.6569426,2025,Jun,23-27 Jun  2025,14:00,3.5,31,28.5,7.69,482,112.4,0,,,,<0.001,,0.45,0.011,0.024,<0.10,0.013,<0.0005,0.013,0.021,
Kok,7//68,KK04,"Moo. 6, Baan Ja Doe, Doi Hang, Mueang, Chiang Rai",19.9741234,99.6569426,2025,Jul,30 Jun-4 Jul 2025,9:02,2,26,27,7.6,475,109.4,0,,,,<0.001,,0.4,0.011,0.02,<0.10,0.011,<0.0005,0.013,0.022,
Kok,8//68,KK04,"Moo. 6, Baan Ja Doe, Doi Hang, Mueang, Chiang Rai",19.9741234,99.6569426,2025,Jul,21-25 Jul 2025,8:05,5,26,27.1,7.35,405,112.1,0,,,,<0.001,,0.38,0.011,0.018,<0.10,<0.010,<0.0005,<0.010,0.022,
Kok,9//68,KK04,"Moo. 6, Baan Ja Doe, Doi Hang, Mueang, Chiang Rai",19.9741234,99.6569426,2025,Aug,4-8 Aug 2025,9:04,2,30,26.7,6.9,419,101.9,0,,,,<0.001,,0.5,0.015,0.021,<0.10,0.013,<0.0005,0.011,0.032,
Kok,10//68,KK04,"Moo. 6, Baan Ja Doe, Doi Hang, Mueang, Chiang Rai",19.9741234,99.6569426,2025,Aug,18-22 Aug 2025,9:55,2.5,32,29.6,7.73,201,124.1,0,,,,<0.001,,0.24,<0.010,0.01,<0.10,<0.010,<0.0005,<0.010,0.013,
Kok,11//68,KK04,"Moo. 6, Baan Ja Doe, Doi Hang, Mueang, Chiang Rai",19.9741234,99.6569426,2025,Sep,1-4 Sep  2025,12:04,2,36,28.6,6.67,258,102.4,0,,,,<0.001,,0.26,<0.010,0.011,<0.10,<0.010,<0.0005,<0.010,0.014,
Kok,12//68,KK04,"Moo. 6, Baan Ja Doe, Doi Hang, Mueang, Chiang Rai",19.9741234,99.6569426,2025,Sep,22-26 Sep  2025,10:00,1.5,27,26.6,6.94,246,113,0,,,,<0.001,,0.25,<0.010,0.012,<0.10,<0.010,<0.0005,<0.010,0.013,
Kok,13//68,KK04,"Moo. 6, Baan Ja Doe, Doi Hang, Mueang, Chiang Rai",19.9741234,99.6569426,2025,Nov,4-7 Nov 2025,,,,,,,,,,,,,,,,,,,,,,
Kok,14//68,KK04,"Moo. 6, Baan Ja Doe, Doi Hang, Mueang, Chiang Rai",19.9741234,99.6569426,2025,Dec,9-12 Dec 2025,,,,,,,,,,,,,,,,,,,,,,
Kok,1//68,KK05,"Mae Yao - Doi Hang Friendship Bridge, Doi Hang, Mueang District, Chiang Rai",19.9583819,99.699078,2025,Mar,Mar,,,,,,,,,,,,,,,,,,,,,,
Kok,2//68,KK05,"Mae Yao - Doi Hang Friendship Bridge, Doi Hang, Mueang District, Chiang Rai",19.9583819,99.699078,2025,Apr,Apr,,,,,8.18,160,161.2,,350,496,146,<0.001,,0.15,<0.010,0.014,<0.100,<0.010,<0.002,0.016,<0.010,
Kok,3//68,KK05,"Mae Yao - Doi Hang Friendship Bridge, Doi Hang, Mueang District, Chiang Rai",19.9583819,99.699078,2025,May,13-16 May  2025,11:02,1,31,28.4,7.88,404,139.8,0,,,,<0.001,,0.37,<0.010,0.026,<0.10,0.01,<0.0005,0.017,<0.010,
Kok,4//68,KK05,"Mae Yao - Doi Hang Friendship Bridge, Doi Hang, Mueang District, Chiang Rai",19.9583819,99.699078,2025,May,27-30 May  2025,13:01,2.3,29,27.1,7.71,891,121,0,,,,<0.001,,0.58,0.014,0.038,<0.10,0.018,<0.0005,0.022,0.028,
Kok,5//68,KK05,"Mae Yao - Doi Hang Friendship Bridge, Doi Hang, Mueang District, Chiang Rai",19.9583819,99.699078,2025,Jun,9-13 Jun  2025,11:00,2.3,32,28.3,7.59,2209,111.9,0,,,,<0.001,,1.6,0.032,0.078,<0.10,0.028,<0.0005,0.036,0.065,
Kok,6//68,KK05,"Mae Yao - Doi Hang Friendship Bridge, Doi Hang, Mueang District, Chiang Rai",19.9583819,99.699078,2025,Jun,23-27 Jun  2025,11:45,2.5,34,29.9,7.73,521,114.2,0,,,,<0.001,,0.46,0.01,0.021,<0.10,0.012,<0.0005,0.013,0.02,
Kok,7//68,KK05,"Mae Yao - Doi Hang Friendship Bridge, Doi Hang, Mueang District, Chiang Rai",19.9583819,99.699078,2025,Jul,30 Jun-4 Jul 2025,10:00,3,27,27.6,7.78,515,110,0,,,,<0.001,,0.44,0.012,0.021,<0.10,0.011,<0.0005,0.012,0.025,
Kok,8//68,KK05,"Mae Yao - Doi Hang Friendship Bridge, Doi Hang, Mueang District, Chiang Rai",19.9583819,99.699078,2025,Jul,21-25 Jul 2025,9:04,2.5,26,27.3,7.43,438,111.8,0,,,,<0.001,,0.4,0.012,0.02,<0.10,0.01,<0.0005,0.011,0.024,
Kok,9//68,KK05,"Mae Yao - Doi Hang Friendship Bridge, Doi Hang, Mueang District, Chiang Rai",19.9583819,99.699078,2025,Aug,4-8 Aug 2025,10:25,2,32,27.2,6.7,636,101.8,0,,,,<0.001,,0.52,0.016,0.023,<0.10,0.014,<0.0005,<0.010,0.032,
Kok,10//68,KK05,"Mae Yao - Doi Hang Friendship Bridge, Doi Hang, Mueang District, Chiang Rai",19.9583819,99.699078,2025,Aug,18-22 Aug 2025,10:04,4,34,30.9,7.78,219,162.8,0,,,,<0.001,,0.24,<0.010,0.01,<0.10,<0.010,<0.0005,<0.010,0.015,
Kok,11//68,KK05,"Mae Yao - Doi Hang Friendship Bridge, Doi Hang, Mueang District, Chiang Rai",19.9583819,99.699078,2025,Sep,1-4 Sep  2025,13:01,3,38,29,6.7,265,103,0,,,,<0.001,,0.26,<0.010,0.011,<0.10,<0.010,<0.0005,<0.010,0.014,
Kok,12//68,KK05,"Mae Yao - Doi Hang Friendship Bridge, Doi Hang, Mueang District, Chiang Rai",19.9583819,99.699078,2025,Sep,22-26 Sep  2025,11:02,2,26,26.6,7.24,273,113,0,,,,<0.001,,0.28,<0.010,0.013,<0.10,<0.010,<0.0005,<0.010,0.014,
Kok,13//68,KK05,"Mae Yao - Doi Hang Friendship Bridge, Doi Hang, Mueang District, Chiang Rai",19.9583819,99.699078,2025,Nov,4-7 Nov 2025,9:03,3,30,25.3,7.68,199,120.5,0,,,,<0.001,,0.17,<0.010,<0.010,<0.10,<0.010,<0.0005,<0.010,<0.010,
Kok,14//68,KK05,"Mae Yao - Doi Hang Friendship Bridge, Doi Hang, Mueang District, Chiang Rai",19.9583819,99.699078,2025,Dec,9-12 Dec 2025,14:25,1,31,22.4,7.91,85.7,125.5,0,,,,<0.001,,0.12,<0.010,<0.010,<0.10,<0.010,<0.0005,<0.010,<0.010,
Kok,1//68,KK06,"Ban Pong Na Kham, Doi Hang, Mueang, Chiang Rai",19.9476028,99.730304,2025,Mar,Mar,,,,,8.08,115,129.4,,133,251,118,<0.001,,0.12,<0.010,0.013,<0.10,<0.010,<0.002,0.013,<0.01,<0.005
Kok,2//68,KK06,"Ban Pong Na Kham, Doi Hang, Mueang, Chiang Rai",19.9476028,99.730304,2025,Apr,Apr,,,,,8.02,159,158.5,,34,182,148,<0.001,,0.16,<0.010,0.015,<0.100,<0.010,<0.002,0.015,<0.010,
Kok,3//68,KK06,"Ban Pong Na Kham, Doi Hang, Mueang, Chiang Rai",19.9476028,99.730304,2025,May,13-16 May  2025,11:02,1,30,28.2,7.83,376,144.8,0,,,,<0.001,,0.38,<0.010,0.024,<0.10,0.013,<0.0005,0.016,<0.010,
Kok,4//68,KK06,"Ban Pong Na Kham, Doi Hang, Mueang, Chiang Rai",19.9476028,99.730304,2025,May,27-30 May  2025,13:45,1.3,28,27.2,7.73,757,121.5,0,,,,<0.001,,0.57,0.012,0.039,<0.10,0.017,<0.0005,0.023,0.025,
Kok,5//68,KK06,"Ban Pong Na Kham, Doi Hang, Mueang, Chiang Rai",19.9476028,99.730304,2025,Jun,9-13 Jun  2025,13:00,2.5,35,28.7,115.7,2582,115.7,0,,,,<0.001,,1.5,0.025,0.069,<0.10,0.024,<0.0005,0.033,0.048,
Kok,6//68,KK06,"Ban Pong Na Kham, Doi Hang, Mueang, Chiang Rai",19.9476028,99.730304,2025,Jun,23-27 Jun  2025,11:00,1,31,29.1,7.67,552,113,0,,,,<0.001,,0.48,0.01,0.023,<0.10,0.012,<0.0005,0.012,0.019,
Kok,7//68,KK06,"Ban Pong Na Kham, Doi Hang, Mueang, Chiang Rai",19.9476028,99.730304,2025,Jul,30 Jun-4 Jul 2025,10:03,3,27,27.5,7.71,502,109.2,0,,,,<0.001,,0.43,0.011,0.02,<0.10,0.011,<0.0005,0.013,0.022,
Kok,8//68,KK06,"Ban Pong Na Kham, Doi Hang, Mueang, Chiang Rai",19.9476028,99.730304,2025,Jul,21-25 Jul 2025,10:02,3,26,27.4,7.57,417,111.6,0,,,,<0.001,,0.41,0.012,0.021,<0.10,0.01,<0.0005,0.014,0.023,
Kok,9//68,KK06,"Ban Pong Na Kham, Doi Hang, Mueang, Chiang Rai",19.9476028,99.730304,2025,Aug,4-8 Aug 2025,10:55,3,32,27.3,6.9,545,101.6,0,,,,<0.001,,0.55,0.015,0.023,<0.10,0.013,<0.0005,<0.010,0.029,
Kok,10//68,KK06,"Ban Pong Na Kham, Doi Hang, Mueang, Chiang Rai",19.9476028,99.730304,2025,Aug,18-22 Aug 2025,11:01,3,33,30.7,7.71,210,127.5,0,,,,<0.001,,0.24,<0.010,0.01,<0.10,<0.010,<0.0005,<0.010,0.014,
Kok,11//68,KK06,"Ban Pong Na Kham, Doi Hang, Mueang, Chiang Rai",19.9476028,99.730304,2025,Sep,1-4 Sep  2025,13:04,4,35,28.3,6.83,235,103.2,0,,,,<0.001,,0.26,<0.010,<0.010,<0.10,<0.010,<0.0005,<0.010,0.013,
Kok,12//68,KK06,"Ban Pong Na Kham, Doi Hang, Mueang, Chiang Rai",19.9476028,99.730304,2025,Sep,22-26 Sep  2025,11:04,2.5,26,26.5,7.09,209,112.7,0,,,,<0.001,,0.25,<0.010,0.012,<0.10,<0.010,<0.0005,<0.010,0.012,
Kok,13//68,KK06,"Ban Pong Na Kham, Doi Hang, Mueang, Chiang Rai",19.9476028,99.730304,2025,Nov,4-7 Nov 2025,,,,,,,,,,,,,,,,,,,,,,
Kok,14//68,KK06,"Ban Pong Na Kham, Doi Hang, Mueang, Chiang Rai",19.9476028,99.730304,2025,Dec,9-12 Dec 2025,,,,,,,,,,,,,,,,,,,,,,
Kok,1//68,KK07,"Bridge on the Kok River, Doi Hang, Mueang, Chiang Rai",19.9122599,99.781737,2025,Mar,Mar,,,,,7.98,127,129.5,,131,253,122,<0.001,,0.13,<0.010,0.013,<0.10,<0.010,<0.002,0.012,<0.01,<0.005
Kok,2//68,KK07,"Bridge on the Kok River, Doi Hang, Mueang, Chiang Rai",19.9122599,99.781737,2025,Apr,Apr,,,,,8,168,155.7,,51,219,168,<0.001,,0.17,<0.010,0.017,<0.100,<0.010,<0.002,0.016,<0.010,
Kok,3//68,KK07,"Bridge on the Kok River, Doi Hang, Mueang, Chiang Rai",19.9122599,99.781737,2025,May,13-16 May  2025,16:00,0.5,32,28.6,8.41,162,254,0.1,,,,<0.001,,0.13,<0.010,0.016,<0.10,<0.010,<0.0005,0.018,<0.010,
Kok,4//68,KK07,"Bridge on the Kok River, Doi Hang, Mueang, Chiang Rai",19.9122599,99.781737,2025,May,27-30 May  2025,14:55,2,26,26.5,7.89,689,123,0,,,,<0.001,,0.55,0.01,0.03,<0.10,0.013,<0.0005,0.016,0.019,
Kok,5//68,KK07,"Bridge on the Kok River, Doi Hang, Mueang, Chiang Rai",19.9122599,99.781737,2025,Jun,9-13 Jun  2025,10:05,2,33.5,27.8,7.75,1215,105.8,0,,,,<0.001,,0.81,0.018,0.047,<0.10,0.02,<0.0005,0.021,0.038,
Kok,6//68,KK07,"Bridge on the Kok River, Doi Hang, Mueang, Chiang Rai",19.9122599,99.781737,2025,Jun,23-27 Jun  2025,10:02,3.5,30,29,7.59,681,110.7,0,,,,<0.001,,0.58,0.013,0.028,<0.10,0.014,<0.0005,0.013,0.025,
Kok,7//68,KK07,"Bridge on the Kok River, Doi Hang, Mueang, Chiang Rai",19.9122599,99.781737,2025,Jul,30 Jun-4 Jul 2025,10:02,2.5,28.5,26.9,7.37,480,110.6,0,,,,<0.001,,0.38,<0.010,0.021,<0.10,<0.010,<0.0005,0.012,0.021,
Kok,8//68,KK07,"Bridge on the Kok River, Doi Hang, Mueang, Chiang Rai",19.9122599,99.781737,2025,Jul,21-25 Jul 2025,10:05,3,26,27.2,7.37,469,111.3,0,,,,<0.001,,0.4,0.012,0.021,<0.10,<0.010,<0.0005,0.011,0.023,
Kok,9//68,KK07,"Bridge on the Kok River, Doi Hang, Mueang, Chiang Rai",19.9122599,99.781737,2025,Aug,4-8 Aug 2025,11:25,2,33,27.9,6.8,675,102,0,,,,<0.001,,0.56,0.016,0.024,<0.10,0.014,<0.0005,0.01,0.033,
Kok,10//68,KK07,"Bridge on the Kok River, Doi Hang, Mueang, Chiang Rai",19.9122599,99.781737,2025,Aug,18-22 Aug 2025,16:03,2.5,35,30.1,7.7,214,120.7,0,,,,<0.001,,0.28,<0.010,0.012,<0.10,<0.010,<0.0005,<0.010,0.017,
Kok,11//68,KK07,"Bridge on the Kok River, Doi Hang, Mueang, Chiang Rai",19.9122599,99.781737,2025,Sep,1-4 Sep  2025,10:05,2.5,36,27.7,6.68,249,102.8,0,,,,<0.001,,0.31,<0.010,0.013,<0.10,<0.010,<0.0005,<0.010,0.018,
Kok,12//68,KK07,"Bridge on the Kok River, Doi Hang, Mueang, Chiang Rai",19.9122599,99.781737,2025,Sep,22-26 Sep  2025,13:03,2,25,26.2,6.94,309,108.2,0,,,,<0.001,,0.3,<0.010,0.016,<0.10,<0.010,<0.0005,<0.010,0.014,
Kok,13//68,KK07,"Bridge on the Kok River, Doi Hang, Mueang, Chiang Rai",19.9122599,99.781737,2025,Nov,4-7 Nov 2025,10:15,2.5,31,25.3,7.66,202,120,0,,,,<0.001,,0.17,<0.010,<0.010,<0.10,<0.010,<0.0005,<0.010,<0.010,
Kok,14//68,KK07,"Bridge on the Kok River, Doi Hang, Mueang, Chiang Rai",19.9122599,99.781737,2025,Dec,9-12 Dec 2025,13:25,1,31,23.3,7.91,104,125.8,0,,,,<0.001,,0.12,<0.010,<0.010,<0.10,<0.010,<0.0005,<0.010,<0.010,
Kok,1//68,KK08,"Mae Fah Luang Bridge, Rop Wiang, Mueang, Chiang Rai",19.922619,99.8185201,2025,Mar,Mar,,,,,7.81,106,131.6,,108,234,126,<0.001,,0.1,<0.010,0.01,<0.10,<0.010,<0.002,0.011,<0.01,<0.005
Kok,2//68,KK08,"Mae Fah Luang Bridge, Rop Wiang, Mueang, Chiang Rai",19.922619,99.8185201,2025,Apr,Apr,,,,,8.02,159,176.2,,62,202,140,<0.001,,0.16,<0.010,0.013,<0.100,<0.010,<0.002,0.014,<0.010,
Kok,3//68,KK08,"Mae Fah Luang Bridge, Rop Wiang, Mueang, Chiang Rai",19.922619,99.8185201,2025,May,13-16 May  2025,13:45,2.2,31,29.6,8.53,154,268,0.1,,,,<0.001,,0.13,<0.010,0.015,<0.10,<0.010,<0.0005,0.014,<0.010,
Kok,4//68,KK08,"Mae Fah Luang Bridge, Rop Wiang, Mueang, Chiang Rai",19.922619,99.8185201,2025,May,27-30 May  2025,14:25,4,26,27.2,7.85,1034,120.5,0,,,,<0.001,,0.62,0.013,0.038,<0.10,0.015,<0.0005,0.018,0.025,
Kok,5//68,KK08,"Mae Fah Luang Bridge, Rop Wiang, Mueang, Chiang Rai",19.922619,99.8185201,2025,Jun,9-13 Jun  2025,8:05,3.5,29,27.2,7.32,1595,103.5,0,,,,<0.001,,0.93,0.022,0.064,<0.10,0.024,<0.0005,0.028,0.048,
Kok,6//68,KK08,"Mae Fah Luang Bridge, Rop Wiang, Mueang, Chiang Rai",19.922619,99.8185201,2025,Jun,23-27 Jun  2025,9:00,3.5,28,28.3,7.59,876,112.9,0,,,,<0.001,,0.68,0.015,0.036,<0.10,0.016,<0.0005,0.015,0.031,
Kok,7//68,KK08,"Mae Fah Luang Bridge, Rop Wiang, Mueang, Chiang Rai",19.922619,99.8185201,2025,Jul,30 Jun-4 Jul 2025,9:00,4.5,28.6,26.5,7.55,509,112.6,0,,,,<0.001,,0.43,0.011,0.022,<0.10,<0.010,<0.0005,0.013,0.024,
Kok,8//68,KK08,"Mae Fah Luang Bridge, Rop Wiang, Mueang, Chiang Rai",19.922619,99.8185201,2025,Jul,21-25 Jul 2025,15:03,4,33,29.3,7.53,393,117.2,0,,,,<0.001,,0.39,0.011,0.018,<0.10,<0.010,<0.0005,0.014,0.022,
Kok,9//68,KK08,"Mae Fah Luang Bridge, Rop Wiang, Mueang, Chiang Rai",19.922619,99.8185201,2025,Aug,4-8 Aug 2025,12:04,3,34,27.9,6.8,427,103.5,0,,,,<0.001,,0.54,0.015,0.023,<0.10,0.013,<0.0005,<0.010,0.03,
Kok,10//68,KK08,"Mae Fah Luang Bridge, Rop Wiang, Mueang, Chiang Rai",19.922619,99.8185201,2025,Aug,18-22 Aug 2025,16:01,3.5,36,30.1,7.64,259,122.3,0,,,,<0.001,,0.27,<0.010,0.012,<0.10,<0.010,<0.0005,<0.010,0.016,
Kok,11//68,KK08,"Mae Fah Luang Bridge, Rop Wiang, Mueang, Chiang Rai",19.922619,99.8185201,2025,Sep,1-4 Sep  2025,12:04,2,36,28.3,6.67,273,102.4,0,,,,<0.001,,0.3,<0.010,0.012,<0.10,<0.010,<0.0005,0.01,0.017,
Kok,12//68,KK08,"Mae Fah Luang Bridge, Rop Wiang, Mueang, Chiang Rai",19.922619,99.8185201,2025,Sep,22-26 Sep  2025,8:03,3,25,26.6,6.75,145,113.3,0,,,,<0.001,,0.23,<0.010,<0.010,<0.10,<0.010,<0.0005,<0.010,0.011,
Kok,13//68,KK08,"Mae Fah Luang Bridge, Rop Wiang, Mueang, Chiang Rai",19.922619,99.8185201,2025,Nov,4-7 Nov 2025,,,,,,,,,,,,,,,,,,,,,,
Kok,14//68,KK08,"Mae Fah Luang Bridge, Rop Wiang, Mueang, Chiang Rai",19.922619,99.8185201,2025,Dec,9-12 Dec 2025,,,,,,,,,,,,,,,,,,,,,,
Kok,1//68,KK09,"Chaloem Phra Kiat 1 Bridge, Rop Wiang, Mueang District, Chiang Rai",19.9247359,99.8624651,2025,Mar,Mar,,,,,,,,,,,,,,,,,,,,,,
Kok,2//68,KK09,"Chaloem Phra Kiat 1 Bridge, Rop Wiang, Mueang District, Chiang Rai",19.9247359,99.8624651,2025,Apr,Apr,,,,,8.1,106,167.9,,103,259,156,<0.001,,<0.100,<0.010,<0.010,<0.100,<0.010,<0.002,0.012,<0.010,
Kok,3//68,KK09,"Chaloem Phra Kiat 1 Bridge, Rop Wiang, Mueang District, Chiang Rai",19.9247359,99.8624651,2025,May,13-16 May  2025,15:02,3,33.5,30.7,6.67,201,145.1,0,,,,<0.001,,0.17,<0.010,0.015,<0.10,<0.010,<0.0005,0.014,<0.010,
Kok,4//68,KK09,"Chaloem Phra Kiat 1 Bridge, Rop Wiang, Mueang District, Chiang Rai",19.9247359,99.8624651,2025,May,27-30 May  2025,16:03,2,26,26.2,7.8,990,122.4,0,,,,<0.001,,0.66,0.014,0.039,<0.10,0.016,<0.0005,0.02,0.025,
Kok,5//68,KK09,"Chaloem Phra Kiat 1 Bridge, Rop Wiang, Mueang District, Chiang Rai",19.9247359,99.8624651,2025,Jun,9-13 Jun  2025,14:03,2.1,33,30,7.82,669,135.1,0,,,,<0.001,,0.61,0.01,0.031,<0.10,0.014,<0.0005,0.021,0.019,
Kok,6//68,KK09,"Chaloem Phra Kiat 1 Bridge, Rop Wiang, Mueang District, Chiang Rai",19.9247359,99.8624651,2025,Jun,23-27 Jun  2025,16:03,3,31,29.9,7.63,1098,113.1,0,,,,<0.001,,0.77,0.019,0.037,<0.10,0.019,<0.0005,0.017,0.036,
Kok,7//68,KK09,"Chaloem Phra Kiat 1 Bridge, Rop Wiang, Mueang District, Chiang Rai",19.9247359,99.8624651,2025,Jul,30 Jun-4 Jul 2025,10:05,3,30,27,7.5,437,113.6,0,,,,<0.001,,0.34,<0.010,0.018,<0.10,<0.010,<0.0005,0.011,0.019,
Kok,8//68,KK09,"Chaloem Phra Kiat 1 Bridge, Rop Wiang, Mueang District, Chiang Rai",19.9247359,99.8624651,2025,Jul,21-25 Jul 2025,12:02,3,25,27.3,7.35,572,114.2,0,,,,<0.001,,0.47,0.013,0.027,<0.10,0.011,<0.0005,0.017,0.026,
Kok,9//68,KK09,"Chaloem Phra Kiat 1 Bridge, Rop Wiang, Mueang District, Chiang Rai",19.9247359,99.8624651,2025,Aug,4-8 Aug 2025,14:00,2.5,37,28.4,7,765,105.6,0,,,,<0.001,,0.54,0.024,0.023,<0.10,0.013,<0.0005,0.011,0.032,
Kok,10//68,KK09,"Chaloem Phra Kiat 1 Bridge, Rop Wiang, Mueang District, Chiang Rai",19.9247359,99.8624651,2025,Aug,18-22 Aug 2025,14:25,4,34,30,7.64,224,128.1,0,,,,<0.001,,0.27,<0.010,0.012,<0.10,<0.010,<0.0005,<0.010,0.017,
Kok,11//68,KK09,"Chaloem Phra Kiat 1 Bridge, Rop Wiang, Mueang District, Chiang Rai",19.9247359,99.8624651,2025,Sep,1-4 Sep  2025,10:00,2,31,27.4,6.69,258,104.8,0,,,,<0.001,,0.3,<0.010,0.012,<0.10,<0.010,<0.0005,0.011,0.017,
Kok,12//68,KK09,"Chaloem Phra Kiat 1 Bridge, Rop Wiang, Mueang District, Chiang Rai",19.9247359,99.8624651,2025,Sep,22-26 Sep  2025,14:05,1.5,29,27.1,7.16,274,110,0,,,,<0.001,,0.28,<0.010,0.015,<0.10,<0.010,<0.0005,<0.010,0.015,
Kok,13//68,KK09,"Chaloem Phra Kiat 1 Bridge, Rop Wiang, Mueang District, Chiang Rai",19.9247359,99.8624651,2025,Nov,4-7 Nov 2025,11:15,4,31,25.9,7.48,191,121.8,0,,,,<0.001,,0.17,<0.010,<0.010,<0.10,<0.010,<0.0005,<0.010,<0.010,
Kok,14//68,KK09,"Chaloem Phra Kiat 1 Bridge, Rop Wiang, Mueang District, Chiang Rai",19.9247359,99.8624651,2025,Dec,9-12 Dec 2025,12:03,2,30,23.1,7.66,97.4,125.1,0,,,,<0.001,,0.12,<0.010,<0.010,<0.10,<0.010,<0.0005,<0.010,<0.010,
Kok,3//68,KK10,"Chiang Rai Weir, Rop Wiang, Mueang District, Chiang Rai",19.925784,99.8970083,2025,May,13-16 May  2025,10:00,3,27,28.7,6.9,131,148,0,,,,<0.001,,<0.10,<0.010,<0.010,<0.10,<0.010,<0.0005,0.011,<0.010,
Kok,4//68,KK10,"Chiang Rai Weir, Rop Wiang, Mueang District, Chiang Rai",19.925784,99.8970083,2025,May,27-30 May  2025,12:00,1.5,29,30.2,7.53,1320,132,0,,,,<0.001,,0.77,0.016,0.045,<0.10,0.02,<0.0005,0.022,0.031,
Kok,5//68,KK10,"Chiang Rai Weir, Rop Wiang, Mueang District, Chiang Rai",19.925784,99.8970083,2025,Jun,9-13 Jun  2025,10:00,3,32,28,7.64,227,136.1,0,,,,<0.001,,0.21,<0.010,<0.010,<0.10,<0.010,<0.0005,<0.010,<0.010,
Kok,6//68,KK10,"Chiang Rai Weir, Rop Wiang, Mueang District, Chiang Rai",19.925784,99.8970083,2025,Jun,23-27 Jun  2025,15:03,3.5,32,29.3,7.52,951,110.4,0,,,,<0.001,,0.55,0.015,0.029,<0.10,0.015,<0.0005,0.015,0.028,
Kok,7//68,KK10,"Chiang Rai Weir, Rop Wiang, Mueang District, Chiang Rai",19.925784,99.8970083,2025,Jul,30 Jun-4 Jul 2025,17:04,1.6,26,27.6,7.49,448,115,0,,,,<0.001,,0.31,<0.010,0.015,<0.10,<0.010,<0.0005,0.011,0.019,
Kok,8//68,KK10,"Chiang Rai Weir, Rop Wiang, Mueang District, Chiang Rai",19.925784,99.8970083,2025,Jul,21-25 Jul 2025,13:00,3,26,27,7.39,603,117.1,0,,,,<0.001,,0.5,0.013,0.027,<0.10,0.012,<0.0005,0.013,0.024,
Kok,9//68,KK10,"Chiang Rai Weir, Rop Wiang, Mueang District, Chiang Rai",19.925784,99.8970083,2025,Aug,4-8 Aug 2025,17:00,3,34,30.2,7.4,740,110.9,0,,,,<0.001,,0.59,0.016,0.025,<0.10,0.015,<0.0005,0.011,0.033,
Kok,10//68,KK10,"Chiang Rai Weir, Rop Wiang, Mueang District, Chiang Rai",19.925784,99.8970083,2025,Aug,18-22 Aug 2025,14:05,4,37,30.5,7.62,175,123.4,0,,,,<0.001,,0.2,<0.010,<0.010,<0.10,<0.010,<0.0005,<0.010,0.012,
Kok,11//68,KK10,"Chiang Rai Weir, Rop Wiang, Mueang District, Chiang Rai",19.925784,99.8970083,2025,Sep,1-4 Sep  2025,17:15,3,33,28.8,7.34,311,108.4,0,,,,<0.001,,0.35,<0.010,0.013,<0.10,<0.010,<0.0005,<0.010,0.017,
Kok,12//68,KK10,"Chiang Rai Weir, Rop Wiang, Mueang District, Chiang Rai",19.925784,99.8970083,2025,Sep,22-26 Sep  2025,15:04,5,30,27.4,7.2,213,116.3,0,,,,<0.001,,0.26,<0.010,0.01,<0.10,<0.010,<0.0005,<0.010,0.012,
Kok,13//68,KK10,"Chiang Rai Weir, Rop Wiang, Mueang District, Chiang Rai",19.925784,99.8970083,2025,Nov,4-7 Nov 2025,12:00,3,32,25.9,7.71,271,122.9,0,,,,<0.001,,0.2,<0.010,<0.010,<0.10,<0.010,<0.0005,<0.010,<0.010,
Kok,14//68,KK10,"Chiang Rai Weir, Rop Wiang, Mueang District, Chiang Rai",19.925784,99.8970083,2025,Dec,9-12 Dec 2025,14:05,3.5,29,23.3,7.65,61.4,129.1,0,,,,<0.001,,<0.10,<0.010,<0.010,<0.10,<0.010,<0.0005,<0.010,<0.010,
Kok,3//68,KK11,"Rimkok-WiangNuea Friendship Bridge, Wiang Nuea, Wiang Chai, Chiang Rai",19.96052,99.94629,2025,May,13-16 May  2025,15:02,3,32,29.8,7.71,354,140.7,0,,,,<0.001,,0.78,<0.010,0.015,<0.10,<0.010,<0.0005,0.018,<0.010,
Kok,4//68,KK11,"Rimkok-WiangNuea Friendship Bridge, Wiang Nuea, Wiang Chai, Chiang Rai",19.96052,99.94629,2025,May,27-30 May  2025,18,3,25,26.5,7.76,990,121.6,0,,,,<0.001,,0.67,0.016,0.041,<0.10,0.018,<0.0005,0.02,0.03,
Kok,5//68,KK11,"Rimkok-WiangNuea Friendship Bridge, Wiang Nuea, Wiang Chai, Chiang Rai",19.96052,99.94629,2025,Jun,9-13 Jun  2025,10:35,2,33,28.6,7.61,242,142.2,0,,,,<0.001,,0.22,<0.010,0.01,<0.10,<0.010,<0.0005,0.011,<0.010,
Kok,6//68,KK11,"Rimkok-WiangNuea Friendship Bridge, Wiang Nuea, Wiang Chai, Chiang Rai",19.96052,99.94629,2025,Jun,23-27 Jun  2025,15:00,3,33,29.5,7.6,1131,108.2,0,,,,<0.001,,0.71,0.022,0.034,<0.10,0.021,<0.0005,0.013,0.04,
Kok,7//68,KK11,"Rimkok-WiangNuea Friendship Bridge, Wiang Nuea, Wiang Chai, Chiang Rai",19.96052,99.94629,2025,Jul,30 Jun-4 Jul 2025,17:01,3,27,27.5,7.6,328,119.4,0,,,,<0.001,,0.22,<0.010,0.011,<0.10,<0.010,<0.0005,<0.010,0.014,
Kok,8//68,KK11,"Rimkok-WiangNuea Friendship Bridge, Wiang Nuea, Wiang Chai, Chiang Rai",19.96052,99.94629,2025,Jul,21-25 Jul 2025,13:04,4,26,27.4,7.4,535,119.8,0,,,,<0.001,,0.5,0.015,0.028,<0.10,0.012,<0.0005,0.017,0.028,
Kok,9//68,KK11,"Rimkok-WiangNuea Friendship Bridge, Wiang Nuea, Wiang Chai, Chiang Rai",19.96052,99.94629,2025,Aug,4-8 Aug 2025,17:03,3,34,29.9,7.42,685,117.4,0,,,,<0.001,,0.6,0.018,0.025,<0.10,0.015,<0.0005,0.012,0.036,
Kok,10//68,KK11,"Rimkok-WiangNuea Friendship Bridge, Wiang Nuea, Wiang Chai, Chiang Rai",19.96052,99.94629,2025,Aug,18-22 Aug 2025,15:01,2,35,30.2,7.69,219,128.6,0,,,,<0.001,,0.24,<0.010,<0.010,<0.10,<0.010,<0.0005,<0.010,0.013,
Kok,11//68,KK11,"Rimkok-WiangNuea Friendship Bridge, Wiang Nuea, Wiang Chai, Chiang Rai",19.96052,99.94629,2025,Sep,1-4 Sep  2025,16:05,4,34,29.3,7.41,314,113,0,,,,<0.001,,0.31,<0.010,0.011,<0.10,<0.010,<0.0005,0.01,0.015,
Kok,12//68,KK11,"Rimkok-WiangNuea Friendship Bridge, Wiang Nuea, Wiang Chai, Chiang Rai",19.96052,99.94629,2025,Sep,22-26 Sep  2025,16:00,2.5,29,27.4,7.15,242,113.9,0,,,,<0.001,,0.26,<0.010,<0.010,<0.10,<0.010,<0.0005,<0.010,0.013,
Kok,13//68,KK11,"Rimkok-WiangNuea Friendship Bridge, Wiang Nuea, Wiang Chai, Chiang Rai",19.96052,99.94629,2025,Nov,4-7 Nov 2025,15:03,3.5,29,25.5,7.76,297,122.9,0,,,,<0.001,,0.2,<0.010,<0.010,<0.10,<0.010,<0.0005,<0.010,<0.010,
Kok,14//68,KK11,"Rimkok-WiangNuea Friendship Bridge, Wiang Nuea, Wiang Chai, Chiang Rai",19.96052,99.94629,2025,Dec,9-12 Dec 2025,14:02,1,29,23.3,7.78,67.4,132.2,0,,,,<0.001,,<0.10,<0.010,<0.010,<0.10,<0.010,<0.0005,<0.010,<0.010,
Kok,1//68,KK12,"Yonok Nak Nakhon Bridge, Mae Khao Tom, Mueang, Chiang Rai",20.0336883,99.9637903,2025,Mar,Mar,,,,,,,,,,,,,,,,,,,,,,
Kok,2//68,KK12,"Yonok Nak Nakhon Bridge, Mae Khao Tom, Mueang, Chiang Rai",20.0336883,99.9637903,2025,Apr,Apr,,,,,7.78,86.5,152,,91,237,146,<0.001,,0.11,<0.010,<0.010,<0.100,<0.010,<0.002,<0.010,<0.010,
Kok,3//68,KK12,"Yonok Nak Nakhon Bridge, Mae Khao Tom, Mueang, Chiang Rai",20.0336883,99.9637903,2025,May,13-16 May  2025,14:04,2,31,30.1,7.78,418,142.9,0,,,,<0.001,,0.22,<0.010,<0.010,<0.10,<0.010,<0.0005,<0.010,<0.010,
Kok,4//68,KK12,"Yonok Nak Nakhon Bridge, Mae Khao Tom, Mueang, Chiang Rai",20.0336883,99.9637903,2025,May,27-30 May  2025,15:04,2,29,27.7,7.62,501,128.1,0,,,,<0.001,,0.46,0.011,0.022,<0.10,0.012,<0.0005,0.015,0.019,
Kok,5//68,KK12,"Yonok Nak Nakhon Bridge, Mae Khao Tom, Mueang, Chiang Rai",20.0336883,99.9637903,2025,Jun,9-13 Jun  2025,11:02,3.3,29,28.6,7,224,134.9,0,,,,<0.001,,0.19,<0.010,<0.010,<0.10,<0.010,<0.0005,<0.010,<0.010,
Kok,6//68,KK12,"Yonok Nak Nakhon Bridge, Mae Khao Tom, Mueang, Chiang Rai",20.0336883,99.9637903,2025,Jun,23-27 Jun  2025,13:05,4,35,29.4,7.41,1366,103.2,0,,,,<0.001,,0.7,0.02,0.033,<0.10,0.02,<0.0005,0.012,0.035,
Kok,7//68,KK12,"Yonok Nak Nakhon Bridge, Mae Khao Tom, Mueang, Chiang Rai",20.0336883,99.9637903,2025,Jul,30 Jun-4 Jul 2025,11:00,4,27.6,27,7.46,364,106.7,0,,,,<0.001,,0.25,<0.010,0.011,<0.10,<0.010,<0.0005,<0.010,0.015,
Kok,8//68,KK12,"Yonok Nak Nakhon Bridge, Mae Khao Tom, Mueang, Chiang Rai",20.0336883,99.9637903,2025,Jul,21-25 Jul 2025,8:45,4,23,25.8,7.22,353,105.6,0,,,,<0.001,,0.38,0.012,0.017,<0.10,0.019,<0.0005,0.011,0.019,
Kok,9//68,KK12,"Yonok Nak Nakhon Bridge, Mae Khao Tom, Mueang, Chiang Rai",20.0336883,99.9637903,2025,Aug,4-8 Aug 2025,9:00,4.5,27,27.6,7.33,467,135.4,0,,,,<0.001,,0.45,0.012,0.017,<0.10,0.011,<0.0005,<0.010,0.023,
Kok,10//68,KK12,"Yonok Nak Nakhon Bridge, Mae Khao Tom, Mueang, Chiang Rai",20.0336883,99.9637903,2025,Aug,18-22 Aug 2025,15:04,4,36,31,7.44,315,116.3,0,,,,<0.001,,0.31,<0.010,0.013,<0.10,<0.010,<0.0005,<0.010,0.014,
Kok,11//68,KK12,"Yonok Nak Nakhon Bridge, Mae Khao Tom, Mueang, Chiang Rai",20.0336883,99.9637903,2025,Sep,1-4 Sep  2025,16:03,5,34,30.5,7.24,283,116.4,0,,,,<0.001,,0.34,<0.010,0.012,<0.10,0.012,<0.0005,<0.010,0.016,
Kok,12//68,KK12,"Yonok Nak Nakhon Bridge, Mae Khao Tom, Mueang, Chiang Rai",20.0336883,99.9637903,2025,Sep,22-26 Sep  2025,11:00,3,30,27.2,7.09,245,104.4,0,,,,<0.001,,0.28,<0.010,0.011,<0.10,<0.010,<0.0005,<0.010,0.012,
Kok,13//68,KK12,"Yonok Nak Nakhon Bridge, Mae Khao Tom, Mueang, Chiang Rai",20.0336883,99.9637903,2025,Nov,4-7 Nov 2025,,,,,,,,,,,,,,,,,,,,,,
Kok,14//68,KK12,"Yonok Nak Nakhon Bridge, Mae Khao Tom, Mueang, Chiang Rai",20.0336883,99.9637903,2025,Dec,9-12 Dec 2025,,,,,,,,,,,,,,,,,,,,,,
Kok,1//68,KK13,"Tha Khao Plueak, Mae Chan, Chiang Rai",20.12786,100.031,2025,Mar,Mar,,,,,,,,,,,,,,,,,,,,,,
Kok,2//68,KK13,"Tha Khao Plueak, Mae Chan, Chiang Rai",20.12786,100.031,2025,Apr,Apr,,,,,7.99,85.6,150,,89,241,152,<0.001,,<0.100,<0.010,<0.010,<0.100,<0.010,<0.002,<0.010,<0.010,
Kok,3//68,KK13,"Tha Khao Plueak, Mae Chan, Chiang Rai",20.12786,100.031,2025,May,13-16 May  2025,14:00,3,33,31.6,7.93,137,149.4,0,,,,<0.001,,0.12,<0.010,<0.010,<0.10,<0.010,<0.0005,<0.010,<0.010,
Kok,4//68,KK13,"Tha Khao Plueak, Mae Chan, Chiang Rai",20.12786,100.031,2025,May,27-30 May  2025,15:00,2.7,32,28.5,7.93,654,125.2,0,,,,<0.001,,0.5,0.011,0.025,<0.10,0.014,<0.0005,0.015,0.021,
Kok,5//68,KK13,"Tha Khao Plueak, Mae Chan, Chiang Rai",20.12786,100.031,2025,Jun,9-13 Jun  2025,12:00,5.3,30,28.8,7.66,309,133,0,,,,<0.001,,0.25,<0.010,0.01,<0.10,<0.010,<0.0005,<0.010,<0.010,
Kok,6//68,KK13,"Tha Khao Plueak, Mae Chan, Chiang Rai",20.12786,100.031,2025,Jun,23-27 Jun  2025,13:02,5,35,29.6,7.4,1212,101.4,0,,,,<0.001,,0.61,0.017,0.037,<0.10,0.016,<0.0005,0.016,0.034,
Kok,7//68,KK13,"Tha Khao Plueak, Mae Chan, Chiang Rai",20.12786,100.031,2025,Jul,30 Jun-4 Jul 2025,12:03,6,29,27.9,7.52,392,105.7,0,,,,<0.001,,0.27,<0.010,0.011,<0.10,<0.010,<0.0005,<0.010,0.014,
Kok,8//68,KK13,"Tha Khao Plueak, Mae Chan, Chiang Rai",20.12786,100.031,2025,Jul,21-25 Jul 2025,9:03,3,24,26.4,7.31,335,104.4,0,,,,<0.001,,0.36,0.011,0.016,<0.10,<0.010,<0.0005,<0.010,0.02,
Kok,9//68,KK13,"Tha Khao Plueak, Mae Chan, Chiang Rai",20.12786,100.031,2025,Aug,4-8 Aug 2025,9:03,8,33,28.5,7.3,517,68.5,0,,,,<0.001,,0.49,0.014,0.019,<0.10,0.012,<0.0005,0.01,0.028,
Kok,10//68,KK13,"Tha Khao Plueak, Mae Chan, Chiang Rai",20.12786,100.031,2025,Aug,18-22 Aug 2025,15:15,8,36,30.7,7.49,322,112.9,0,,,,<0.001,,0.33,<0.010,0.013,<0.10,<0.010,<0.0005,<0.010,0.017,
Kok,11//68,KK13,"Tha Khao Plueak, Mae Chan, Chiang Rai",20.12786,100.031,2025,Sep,1-4 Sep  2025,16:00,8,35,29.4,7.28,264,108.3,0,,,,<0.001,,0.35,<0.010,0.014,<0.10,<0.010,<0.0005,0.011,0.018,
Kok,12//68,KK13,"Tha Khao Plueak, Mae Chan, Chiang Rai",20.12786,100.031,2025,Sep,22-26 Sep  2025,10:02,2,30,27.7,6.87,341,104.6,0,,,,<0.001,,0.36,<0.010,0.014,<0.10,<0.010,<0.0005,<0.010,0.018,
Kok,13//68,KK13,"Tha Khao Plueak, Mae Chan, Chiang Rai",20.12786,100.031,2025,Nov,4-7 Nov 2025,14:03,7,31,26.2,7.76,238,120.5,0,,,,<0.001,,0.22,<0.010,<0.010,<0.10,<0.010,<0.0005,<0.010,<0.010,
Kok,14//68,KK13,"Tha Khao Plueak, Mae Chan, Chiang Rai",20.12786,100.031,2025,Dec,9-12 Dec 2025,13:25,5.5,28,24.3,7.65,106,130.1,0,,,,<0.001,,<0.10,<0.010,<0.010,<0.10,<0.010,<0.0005,<0.010,<0.010,
Kok,3//68,KK14,"Nong Pa Ko, Doi Luang, Chiang Rai",20.177379,100.069326,2025,May,13-16 May  2025,16:04,1.5,26,29,7.95,153,147,0,,,,<0.001,,0.1,<0.010,<0.010,<0.10,<0.010,<0.0005,<0.010,<0.010,
Kok,4//68,KK14,"Nong Pa Ko, Doi Luang, Chiang Rai",20.177379,100.069326,2025,May,27-30 May  2025,14:25,4,30,28.1,7.87,632,122.4,0,,,,<0.001,,0.44,0.011,0.023,<0.10,0.013,<0.0005,0.015,0.021,
Kok,5//68,KK14,"Nong Pa Ko, Doi Luang, Chiang Rai",20.177379,100.069326,2025,Jun,9-13 Jun  2025,13:03,3,31,29.2,7.92,232,141,0,,,,<0.001,,0.19,<0.010,<0.010,<0.10,<0.010,<0.0005,<0.010,<0.010,
Kok,6//68,KK14,"Nong Pa Ko, Doi Luang, Chiang Rai",20.177379,100.069326,2025,Jun,23-27 Jun  2025,11:05,4,32,29.5,7.53,1549,103.4,0,,,,<0.001,,0.63,0.017,0.051,<0.10,0.018,<0.0005,0.016,0.037,
Kok,7//68,KK14,"Nong Pa Ko, Doi Luang, Chiang Rai",20.177379,100.069326,2025,Jul,30 Jun-4 Jul 2025,16:15,3,26,27.8,7.46,429,106.2,0,,,,<0.001,,0.29,<0.010,0.013,<0.10,<0.010,<0.0005,<0.010,0.015,
Kok,8//68,KK14,"Nong Pa Ko, Doi Luang, Chiang Rai",20.177379,100.069326,2025,Jul,21-25 Jul 2025,10:01,2.5,26,27.2,7.18,332,105.8,0,,,,<0.001,,0.32,0.01,0.015,<0.10,<0.010,<0.0005,0.018,0.019,
Kok,9//68,KK14,"Nong Pa Ko, Doi Luang, Chiang Rai",20.177379,100.069326,2025,Aug,4-8 Aug 2025,9:05,5.5,33,29.3,7.18,433,118.6,0,,,,<0.001,,0.48,0.014,0.019,<0.10,0.012,<0.0005,<0.010,0.028,
Kok,10//68,KK14,"Nong Pa Ko, Doi Luang, Chiang Rai",20.177379,100.069326,2025,Aug,18-22 Aug 2025,14:45,4,36,30.4,7.41,336,110,0,,,,<0.001,,0.33,<0.010,0.014,<0.10,<0.010,<0.0005,<0.010,0.018,
Kok,11//68,KK14,"Nong Pa Ko, Doi Luang, Chiang Rai",20.177379,100.069326,2025,Sep,1-4 Sep  2025,15:35,4,36,30.4,7.22,287,107.2,0,,,,<0.001,,0.34,<0.010,0.013,<0.10,<0.010,<0.0005,0.01,0.02,
Kok,12//68,KK14,"Nong Pa Ko, Doi Luang, Chiang Rai",20.177379,100.069326,2025,Sep,22-26 Sep  2025,9:04,2,29,27.4,6.8,280,106.6,0,,,,<0.001,,0.3,<0.010,0.013,<0.10,<0.010,<0.0005,<0.010,0.015,
Kok,13//68,KK14,"Nong Pa Ko, Doi Luang, Chiang Rai",20.177379,100.069326,2025,Nov,4-7 Nov 2025,,,,,,,,,,,,,,,,,,,,,,
Kok,14//68,KK14,"Nong Pa Ko, Doi Luang, Chiang Rai",20.177379,100.069326,2025,Dec,9-12 Dec 2025,,,,,,,,,,,,,,,,,,,,,,
Kok,1//68,KK15,"Ban Saeo, Chiang Saen, Chiang Rai",20.2271399,100.1291002,2025,Mar,Mar,,,,,,,,,,,,,,,,,,,,,,
Kok,2//68,KK15,"Ban Saeo, Chiang Saen, Chiang Rai",20.2271399,100.1291002,2025,Apr,Apr,,,,,7.96,92.3,149,,86,230,144,<0.001,,<0.100,<0.010,<0.010,<0.100,<0.010,<0.002,<0.010,<0.010,
Kok,3//68,KK15,"Ban Saeo, Chiang Saen, Chiang Rai",20.2271399,100.1291002,2025,May,13-16 May  2025,13:01,3,31,31.2,8.14,140,152,0,,,,<0.001,,0.14,<0.010,<0.010,<0.10,<0.010,<0.0005,<0.010,<0.010,
Kok,4//68,KK15,"Ban Saeo, Chiang Saen, Chiang Rai",20.2271399,100.1291002,2025,May,27-30 May  2025,13:00,5,28,25.5,7.65,745,117.4,0,,,,<0.001,,0.45,0.011,0.026,<0.10,0.013,<0.0005,0.013,0.021,
Kok,5//68,KK15,"Ban Saeo, Chiang Saen, Chiang Rai",20.2271399,100.1291002,2025,Jun,9-13 Jun  2025,13:00,3.5,29,29.3,7.7,243,140.6,0,,,,<0.001,,0.18,<0.010,<0.010,<0.10,<0.010,<0.0005,<0.010,<0.010,
Kok,6//68,KK15,"Ban Saeo, Chiang Saen, Chiang Rai",20.2271399,100.1291002,2025,Jun,23-27 Jun  2025,10:03,4,31,29.7,7.51,730,106.2,0,,,,<0.001,,0.45,0.01,0.025,<0.10,0.012,<0.0005,0.013,0.019,
Kok,7//68,KK15,"Ban Saeo, Chiang Saen, Chiang Rai",20.2271399,100.1291002,2025,Jul,30 Jun-4 Jul 2025,13:15,3,29,28.4,7.41,471,103.3,0,,,,<0.001,,0.29,<0.010,0.013,<0.10,<0.010,<0.0005,<0.010,0.016,
Kok,8//68,KK15,"Ban Saeo, Chiang Saen, Chiang Rai",20.2271399,100.1291002,2025,Jul,21-25 Jul 2025,11:35,3.5,25,27.2,7.26,334,103.2,0,,,,<0.001,,0.29,<0.010,0.014,<0.10,<0.010,<0.0005,<0.010,0.014,
Kok,9//68,KK15,"Ban Saeo, Chiang Saen, Chiang Rai",20.2271399,100.1291002,2025,Aug,4-8 Aug 2025,10:02,4,34,29.4,7.26,425,57.2,0,,,,<0.001,,0.42,0.01,0.016,<0.10,<0.010,<0.0005,<0.010,0.02,
Kok,10//68,KK15,"Ban Saeo, Chiang Saen, Chiang Rai",20.2271399,100.1291002,2025,Aug,18-22 Aug 2025,14:15,5,37,31.1,7.46,341,109.9,0,,,,<0.001,,0.32,<0.010,0.015,<0.10,<0.010,<0.0005,<0.010,0.015,
Kok,11//68,KK15,"Ban Saeo, Chiang Saen, Chiang Rai",20.2271399,100.1291002,2025,Sep,1-4 Sep  2025,14:04,5,33,29,7.26,270,105.6,0,,,,<0.001,,0.3,<0.010,0.012,<0.10,<0.010,<0.0005,<0.010,0.015,
Kok,12//68,KK15,"Ban Saeo, Chiang Saen, Chiang Rai",20.2271399,100.1291002,2025,Sep,22-26 Sep  2025,14:03,1.5,36,28.7,6.95,140,107.3,0,,,,<0.001,,0.24,<0.010,0.018,<0.10,<0.010,<0.0005,<0.010,0.011,
Kok,13//68,KK15,"Ban Saeo, Chiang Saen, Chiang Rai",20.2271399,100.1291002,2025,Nov,4-7 Nov 2025,14:00,5,30,25.8,7.75,282,114.4,0,,,,<0.001,,0.26,<0.010,<0.010,<0.10,<0.010,<0.0005,<0.010,0.012,
Kok,14//68,KK15,"Ban Saeo, Chiang Saen, Chiang Rai",20.2271399,100.1291002,2025,Dec,9-12 Dec 2025,8:03,4,23.5,23.8,7.64,109,150,0,,,,<0.001,,0.1,<0.010,<0.010,<0.10,<0.010,<0.0005,<0.010,<0.010,
Korn,1//68,KO01,"Tha Sai, Mueang District, Chiang Rai",19.8804804,99.8305029,2025,Mar,Mar,,,,,,,,,,,,,,,,,,,,,,
Korn,2//68,KO01,"Tha Sai, Mueang District, Chiang Rai",19.8804804,99.8305029,2025,Apr,Apr,,,,,,,,,,,,<0.001,,<0.100,<0.010,<0.010,<0.100,<0.010,<0.0005,<0.010,<0.010,
Korn,3//68,KO01,"Tha Sai, Mueang District, Chiang Rai",19.8804804,99.8305029,2025,May,13-16 May  2025,16:05,0.2,36,28.8,7.51,78.8,136.8,0.1,,,,<0.001,,<0.10,<0.010,<0.010,<0.10,<0.010,<0.0005,<0.010,<0.010,
Korn,4//68,KO01,"Tha Sai, Mueang District, Chiang Rai",19.8804804,99.8305029,2025,May,27-30 May  2025,16:00,0.7,26,27.3,7.22,35.9,127.7,0,,,,<0.001,,0.16,<0.010,<0.010,<0.10,<0.010,<0.0005,<0.010,<0.010,
Korn,5//68,KO01,"Tha Sai, Mueang District, Chiang Rai",19.8804804,99.8305029,2025,Jun,9-13 Jun  2025,14:03,1,37,29.7,7.22,37.6,141.1,0,,,,<0.001,,0.18,<0.010,<0.010,<0.10,<0.010,<0.0005,<0.010,<0.010,
Korn,6//68,KO01,"Tha Sai, Mueang District, Chiang Rai",19.8804804,99.8305029,2025,Jun,23-27 Jun  2025,16:45,1,31,29.5,7.18,31.2,149.1,0,,,,<0.001,,0.25,<0.010,<0.010,<0.10,<0.010,<0.0005,<0.010,<0.010,
Korn,7//68,KO01,"Tha Sai, Mueang District, Chiang Rai",19.8804804,99.8305029,2025,Jul,30 Jun-4 Jul 2025,9:03,0.6,29,27.3,7.01,60.6,138.8,0,,,,<0.001,,0.2,<0.010,<0.010,<0.10,<0.010,<0.0005,<0.010,<0.010,
Korn,8//68,KO01,"Tha Sai, Mueang District, Chiang Rai",19.8804804,99.8305029,2025,Jul,21-25 Jul 2025,15:35,1,25,27.2,7.01,43.7,122.6,0,,,,<0.001,,0.18,<0.010,<0.010,<0.10,<0.010,<0.0005,<0.010,<0.010,
Korn,9//68,KO01,"Tha Sai, Mueang District, Chiang Rai",19.8804804,99.8305029,2025,Aug,4-8 Aug 2025,16:01,0.3,39,29.7,7.09,42.9,143.1,0,,,,<0.001,,0.3,<0.010,<0.010,<0.10,<0.010,<0.0005,<0.010,<0.010,
Korn,10//68,KO01,"Tha Sai, Mueang District, Chiang Rai",19.8804804,99.8305029,2025,Aug,18-22 Aug 2025,9:00,1,26,26,7.37,439,101.1,0,,,,<0.001,,0.29,<0.010,0.023,<0.10,0.011,<0.0005,0.012,0.011,
Korn,11//68,KO01,"Tha Sai, Mueang District, Chiang Rai",19.8804804,99.8305029,2025,Sep,1-4 Sep  2025,9:00,0.3,29,28,6.53,15.4,125.8,0,,,,<0.001,,0.24,<0.010,<0.010,<0.10,<0.010,<0.0005,<0.010,<0.010,
Korn,12//68,KO01,"Tha Sai, Mueang District, Chiang Rai",19.8804804,99.8305029,2025,Sep,22-26 Sep  2025,13:00,1,34,27.5,7.01,31.8,115.5,0,,,,<0.001,,0.12,<0.010,<0.010,<0.10,<0.010,<0.0005,<0.010,<0.010,
Korn,13//68,KO01,"Tha Sai, Mueang District, Chiang Rai",19.8804804,99.8305029,2025,Nov,4-7 Nov 2025,13:00,0.6,28,25.5,7.53,399,124.2,0,,,,<0.001,,<0.10,<0.010,<0.010,<0.10,<0.010,<0.0005,<0.010,<0.010,
Korn,14//68,KO01,"Tha Sai, Mueang District, Chiang Rai",19.8804804,99.8305029,2025,Dec,9-12 Dec 2025,15:45,0.3,30,23.6,7.31,47.1,152.2,0,,,,<0.001,,0.2,<0.010,<0.010,<0.10,<0.010,<0.0005,<0.010,<0.010,
Lao,1//68,LA01,"Wiang Chai, Wiang Chai, Chiang Rai",19.8790354,99.8892302,2025,Mar,Mar,,,,,,,,,,,,,,,,,,,,,,
Lao,2//68,LA01,"Wiang Chai, Wiang Chai, Chiang Rai",19.8790354,99.8892302,2025,Apr,Apr,,,,,,,,,,,,<0.001,,<0.100,<0.010,<0.010,<0.100,<0.010,<0.0005,<0.010,<0.010,
Lao,3//68,LA01,"Wiang Chai, Wiang Chai, Chiang Rai",19.8790354,99.8892302,2025,May,13-16 May  2025,14:03,0.5,36,29.1,6.08,387,130.6,0,,,,<0.001,,0.26,<0.010,<0.010,<0.10,<0.010,<0.0005,<0.010,<0.010,
Lao,4//68,LA01,"Wiang Chai, Wiang Chai, Chiang Rai",19.8790354,99.8892302,2025,May,27-30 May  2025,16:05,1.5,34,27.8,7.64,370,120.5,0,,,,<0.001,,0.27,0.014,<0.010,<0.10,<0.010,<0.0005,<0.010,0.013,
Lao,5//68,LA01,"Wiang Chai, Wiang Chai, Chiang Rai",19.8790354,99.8892302,2025,Jun,9-13 Jun  2025,13:05,2,34.5,29.8,7.52,320,135.5,0,,,,<0.001,,0.25,<0.010,<0.010,<0.10,<0.010,<0.0005,<0.010,<0.010,
Lao,6//68,LA01,"Wiang Chai, Wiang Chai, Chiang Rai",19.8790354,99.8892302,2025,Jun,23-27 Jun  2025,16:00,1.5,30,29.7,7.58,298,135.2,0,,,,<0.001,,0.21,<0.010,<0.010,<0.10,<0.010,<0.0005,<0.010,0.011,
Lao,7//68,LA01,"Wiang Chai, Wiang Chai, Chiang Rai",19.8790354,99.8892302,2025,Jul,30 Jun-4 Jul 2025,11:03,1.8,29.5,28.5,7.5,59.8,161.3,0,,,,<0.001,,0.11,<0.010,<0.010,<0.10,<0.010,<0.0005,<0.010,<0.010,
Lao,8//68,LA01,"Wiang Chai, Wiang Chai, Chiang Rai",19.8790354,99.8892302,2025,Jul,21-25 Jul 2025,15:00,2,25,27,7.75,180,131.1,0,,,,<0.001,,0.26,<0.010,<0.010,<0.10,<0.010,<0.0005,<0.010,<0.010,
Lao,9//68,LA01,"Wiang Chai, Wiang Chai, Chiang Rai",19.8790354,99.8892302,2025,Aug,4-8 Aug 2025,16:45,1,35,30.6,7.38,219,144.4,0,,,,<0.001,,0.24,<0.010,<0.010,<0.10,<0.010,<0.0005,<0.010,0.011,
Lao,10//68,LA01,"Wiang Chai, Wiang Chai, Chiang Rai",19.8790354,99.8892302,2025,Aug,18-22 Aug 2025,9:05,2,30,28.3,7.5,158,152.1,0,,,,<0.001,,0.2,<0.010,<0.010,<0.10,<0.010,<0.0005,<0.010,<0.010,
Lao,11//68,LA01,"Wiang Chai, Wiang Chai, Chiang Rai",19.8790354,99.8892302,2025,Sep,1-4 Sep  2025,9:03,2,32,28.2,6.56,224,112.6,0,,,,<0.001,,0.27,<0.010,<0.010,<0.10,<0.010,<0.0005,<0.010,0.011,
Lao,12//68,LA01,"Wiang Chai, Wiang Chai, Chiang Rai",19.8790354,99.8892302,2025,Sep,22-26 Sep  2025,11:04,2,31,27.5,7.03,127,112.8,0,,,,<0.001,,0.26,<0.010,<0.010,<0.10,<0.010,<0.0005,<0.010,0.013,
Lao,13//68,LA01,"Wiang Chai, Wiang Chai, Chiang Rai",19.8790354,99.8892302,2025,Nov,4-7 Nov 2025,10:00,2,29,25.4,7.64,232,124.4,0,,,,<0.001,,0.21,<0.010,<0.010,<0.10,<0.010,<0.0005,<0.010,<0.010,
Lao,14//68,LA01,"Wiang Chai, Wiang Chai, Chiang Rai",19.8790354,99.8892302,2025,Dec,9-12 Dec 2025,15:15,0.5,30,23.4,7.62,88.7,134.2,0,,,,<0.001,,0.1,<0.010,<0.010,<0.10,<0.010,<0.0005,<0.010,<0.010,
Mekong,1//68,NK01,"Golden Triangle Permanent Border Crossing (Ban Sop Ruak), Wiang, Chiang Saen, Chiang Rai",20.346723,100.085873,2025,Mar,Mar,,,,,,,,,,,,,,,,,,,,,,
Mekong,2//68,NK01,"Golden Triangle Permanent Border Crossing (Ban Sop Ruak), Wiang, Chiang Saen, Chiang Rai",20.346723,100.085873,2025,Apr,Apr,,,,,,,,,,,,<0.001,,0.13,<0.010,<0.010,<0.100,<0.010,<0.0005,0.036,<0.010,
Mekong,3//68,NK01,"Golden Triangle Permanent Border Crossing (Ban Sop Ruak), Wiang, Chiang Saen, Chiang Rai",20.346723,100.085873,2025,May,13-16 May  2025,11:00,4,35,25.6,8.26,98.6,371,0.1,,,,<0.001,,<0.10,<0.010,0.024,<0.10,0.016,<0.0005,0.026,<0.010,
Mekong,4//68,NK01,"Golden Triangle Permanent Border Crossing (Ban Sop Ruak), Wiang, Chiang Saen, Chiang Rai",20.346723,100.085873,2025,May,27-30 May  2025,12:03,3,32,26.6,7.81,571,207,0,,,,<0.001,,0.52,<0.010,0.016,<0.10,0.011,<0.0005,0.018,0.013,
Mekong,5//68,NK01,"Golden Triangle Permanent Border Crossing (Ban Sop Ruak), Wiang, Chiang Saen, Chiang Rai",20.346723,100.085873,2025,Jun,9-13 Jun  2025,14:55,5,35,27.3,7.72,352,278,0,,,,<0.001,,0.4,<0.010,0.011,<0.10,0.011,<0.0005,0.045,0.012,
Mekong,6//68,NK01,"Golden Triangle Permanent Border Crossing (Ban Sop Ruak), Wiang, Chiang Saen, Chiang Rai",20.346723,100.085873,2025,Jun,23-27 Jun  2025,16:03,10,31,25.8,7.86,596,219,0,,,,<0.001,,0.37,<0.010,0.015,<0.10,0.013,<0.0005,0.02,0.012,
Mekong,7//68,NK01,"Golden Triangle Permanent Border Crossing (Ban Sop Ruak), Wiang, Chiang Saen, Chiang Rai",20.346723,100.085873,2025,Jul,30 Jun-4 Jul 2025,15:01,7,29,25.7,7.87,310,217,0,,,,<0.001,,0.28,<0.010,<0.010,<0.10,<0.010,<0.0005,0.011,<0.010,
Mekong,8//68,NK01,"Golden Triangle Permanent Border Crossing (Ban Sop Ruak), Wiang, Chiang Saen, Chiang Rai",20.346723,100.085873,2025,Jul,21-25 Jul 2025,13:15,6,29,25.6,7.79,326,212,0,,,,<0.001,,0.36,<0.010,<0.010,<0.10,<0.010,<0.0005,<0.010,<0.010,
Mekong,9//68,NK01,"Golden Triangle Permanent Border Crossing (Ban Sop Ruak), Wiang, Chiang Saen, Chiang Rai",20.346723,100.085873,2025,Aug,4-8 Aug 2025,12:15,10,34,29.2,7.2,224,230,0,,,,<0.001,,0.28,<0.010,<0.010,<0.10,<0.010,<0.0005,0.01,<0.010,
Mekong,10//68,NK01,"Golden Triangle Permanent Border Crossing (Ban Sop Ruak), Wiang, Chiang Saen, Chiang Rai",20.346723,100.085873,2025,Aug,18-22 Aug 2025,11:55,5,37,28.2,7.86,164,242,0.1,,,,0.0017,,0.25,<0.010,<0.010,0.37,<0.010,<0.0005,<0.010,<0.010,
Mekong,11//68,NK01,"Golden Triangle Permanent Border Crossing (Ban Sop Ruak), Wiang, Chiang Saen, Chiang Rai",20.346723,100.085873,2025,Sep,1-4 Sep  2025,14:00,7,37,27.8,7.6,190,213,0.1,,,,0.0017,,0.25,<0.010,<0.010,0.37,0.011,<0.0005,0.014,<0.010,
Mekong,12//68,NK01,"Golden Triangle Permanent Border Crossing (Ban Sop Ruak), Wiang, Chiang Saen, Chiang Rai",20.346723,100.085873,2025,Sep,22-26 Sep  2025,13:25,7,33,27.1,6.97,282,171.9,0,,,,0.0017,,0.33,<0.010,<0.010,<0.10,0.016,<0.0005,<0.010,<0.010,
Mekong,13//68,NK01,"Golden Triangle Permanent Border Crossing (Ban Sop Ruak), Wiang, Chiang Saen, Chiang Rai",20.346723,100.085873,2025,Nov,4-7 Nov 2025,12:00,6,32,24.8,7.8,260,208,0,,,,<0.001,,0.2,<0.010,<0.010,<0.10,<0.010,<0.0005,0.014,<0.010,
Mekong,14//68,NK01,"Golden Triangle Permanent Border Crossing (Ban Sop Ruak), Wiang, Chiang Saen, Chiang Rai",20.346723,100.085873,2025,Dec,9-12 Dec 2025,16:04,7,25,23.4,7.88,77,274,0.1,,,,<0.001,,<0.10,<0.010,<0.010,<0.10,0.014,<0.0005,0.014,<0.010,
Mekong,1//68,NK02,"Wiang, Chiang Saen, Chiang Rai",20.2781699,100.0886618,2025,Mar,Mar,,,,,,,,,,,,,,,,,,,,,,
Mekong,2//68,NK02,"Wiang, Chiang Saen, Chiang Rai",20.2781699,100.0886618,2025,Apr,Apr,,,,,,,,,,,,<0.001,,<0.100,<0.010,<0.010,<0.100,<0.010,<0.0005,0.031,<0.010,
Mekong,3//68,NK02,"Wiang, Chiang Saen, Chiang Rai",20.2781699,100.0886618,2025,May,13-16 May  2025,11:05,4,36.2,26.3,7.53,124,299,0.1,,,,<0.001,,<0.10,<0.010,0.014,<0.10,<0.010,<0.0005,0.025,<0.010,
Mekong,4//68,NK02,"Wiang, Chiang Saen, Chiang Rai",20.2781699,100.0886618,2025,May,27-30 May  2025,13:04,3,30,27,7.83,430,183.4,0,,,,<0.001,,0.39,<0.010,0.015,<0.10,<0.010,<0.0005,0.014,0.011,
Mekong,5//68,NK02,"Wiang, Chiang Saen, Chiang Rai",20.2781699,100.0886618,2025,Jun,9-13 Jun  2025,15:15,5,32,26.8,7.92,271,283,0,,,,<0.001,,0.29,<0.010,<0.010,<0.10,<0.010,<0.0005,0.044,<0.010,
Mekong,6//68,NK02,"Wiang, Chiang Saen, Chiang Rai",20.2781699,100.0886618,2025,Jun,23-27 Jun  2025,17:00,8,31,25.9,7.79,576,222,0,,,,<0.001,,0.4,<0.010,0.015,<0.10,0.013,<0.0005,0.025,0.014,
Mekong,7//68,NK02,"Wiang, Chiang Saen, Chiang Rai",20.2781699,100.0886618,2025,Jul,30 Jun-4 Jul 2025,14:15,6,29,25.8,7.86,326,217,0,,,,<0.001,,0.29,<0.010,<0.010,<0.10,<0.010,<0.0005,0.012,<0.010,
Mekong,8//68,NK02,"Wiang, Chiang Saen, Chiang Rai",20.2781699,100.0886618,2025,Jul,21-25 Jul 2025,12:04,7,27,25.5,7.71,308,209,0,,,,<0.001,,0.3,<0.010,<0.010,<0.10,<0.010,<0.0005,0.012,<0.010,
Mekong,9//68,NK02,"Wiang, Chiang Saen, Chiang Rai",20.2781699,100.0886618,2025,Aug,4-8 Aug 2025,11:03,10,35,27,7.66,245,233,0,,,,<0.001,,0.27,<0.010,<0.010,<0.10,<0.010,<0.0005,0.01,<0.010,
Mekong,10//68,NK02,"Wiang, Chiang Saen, Chiang Rai",20.2781699,100.0886618,2025,Aug,18-22 Aug 2025,12:02,5,37,29,7.85,175,237,0.1,,,,<0.001,,0.25,<0.010,<0.010,<0.10,<0.010,<0.0005,<0.010,<0.010,
Mekong,11//68,NK02,"Wiang, Chiang Saen, Chiang Rai",20.2781699,100.0886618,2025,Sep,1-4 Sep  2025,14:02,5,35,28,7.62,145,230,0.1,,,,<0.001,,0.24,<0.010,<0.010,<0.10,<0.010,<0.0005,0.013,<0.010,
Mekong,12//68,NK02,"Wiang, Chiang Saen, Chiang Rai",20.2781699,100.0886618,2025,Sep,22-26 Sep  2025,14:00,7,34,26.8,7.26,264,190.6,0,,,,<0.001,,0.28,<0.010,<0.010,<0.10,0.012,<0.0005,<0.010,<0.010,
Mekong,13//68,NK02,"Wiang, Chiang Saen, Chiang Rai",20.2781699,100.0886618,2025,Nov,4-7 Nov 2025,13:00,6,32,24.8,8.01,223,220,0,,,,<0.001,,0.16,<0.010,<0.010,<0.10,<0.010,<0.0005,0.015,<0.010,
Mekong,14//68,NK02,"Wiang, Chiang Saen, Chiang Rai",20.2781699,100.0886618,2025,Dec,9-12 Dec 2025,17:02,7,24,23.1,7.97,77.4,291,0.1,,,,<0.001,,0.1,<0.010,<0.010,<0.10,<0.010,<0.0005,0.017,<0.010,
Mekong,5//68,NK03,"Ban Saeo, Chiang Saen, Chiang Rai",20.2558231,100.1787482,2025,Jun,9-13 Jun  2025,16:00,5,33,28,7.96,245,266,0,,,,<0.001,,0.24,<0.010,<0.010,<0.10,<0.010,<0.0005,0.036,<0.010,
Mekong,6//68,NK03,"Ban Saeo, Chiang Saen, Chiang Rai",20.2558231,100.1787482,2025,Jun,23-27 Jun  2025,18,5,29.5,26.3,7.82,465,201,0,,,,<0.001,,0.36,<0.010,0.014,<0.10,0.01,<0.0005,0.023,0.011,
Mekong,7//68,NK03,"Ban Saeo, Chiang Saen, Chiang Rai",20.2558231,100.1787482,2025,Jul,30 Jun-4 Jul 2025,13:04,6,30,26.5,7.76,320,190.6,0,,,,<0.001,,0.29,<0.010,<0.010,<0.10,<0.010,<0.0005,0.011,<0.010,
Mekong,8//68,NK03,"Ban Saeo, Chiang Saen, Chiang Rai",20.2558231,100.1787482,2025,Jul,21-25 Jul 2025,11:00,6,24,26.2,7.46,266,145.5,0,,,,<0.001,,0.24,<0.010,<0.010,<0.10,<0.010,<0.0005,<0.010,<0.010,
Mekong,9//68,NK03,"Ban Saeo, Chiang Saen, Chiang Rai",20.2558231,100.1787482,2025,Aug,4-8 Aug 2025,10:05,11,34,28.8,7.49,316,190.6,0,,,,<0.001,,0.27,<0.010,<0.010,<0.10,<0.010,<0.0005,<0.010,<0.010,
Mekong,10//68,NK03,"Ban Saeo, Chiang Saen, Chiang Rai",20.2558231,100.1787482,2025,Aug,18-22 Aug 2025,13:45,10,35,30.9,7.71,214,210,0,,,,<0.001,,0.23,<0.010,<0.010,<0.10,<0.010,<0.0005,<0.010,<0.010,
Mekong,11//68,NK03,"Ban Saeo, Chiang Saen, Chiang Rai",20.2558231,100.1787482,2025,Sep,1-4 Sep  2025,15:15,3.5,35,29,7.44,170,172.8,0,,,,<0.001,,0.2,<0.010,<0.010,<0.10,<0.010,<0.0005,0.011,<0.010,
Mekong,12//68,NK03,"Ban Saeo, Chiang Saen, Chiang Rai",20.2558231,100.1787482,2025,Sep,22-26 Sep  2025,15:00,6,30,27.6,7.09,208,170.1,0,,,,<0.001,,0.24,<0.010,<0.010,<0.10,<0.010,<0.0005,<0.010,<0.010,
Mekong,13//68,NK03,"Ban Saeo, Chiang Saen, Chiang Rai",20.2558231,100.1787482,2025,Nov,4-7 Nov 2025,13:03,5,31,25.1,7.93,216,190.7,0,,,,<0.001,,0.16,<0.010,<0.010,<0.10,<0.010,<0.0005,<0.010,<0.010,
Mekong,14//68,NK03,"Ban Saeo, Chiang Saen, Chiang Rai",20.2558231,100.1787482,2025,Dec,9-12 Dec 2025,9:03,7,23.5,22.4,7.91,52.2,272,0.1,,,,<0.001,,<0.10,<0.010,<0.010,<0.10,<0.010,<0.0005,0.014,<0.010,
Ruak,5//68,RU01,"Moo. 3, Ban Si Dong Yen, Si Dong Yen, Chai Prakan, Chiang Mai",20.454444,99.967552,2025,Jun,9-13 Jun  2025,13:45,2,32,27.6,7.4,925,96.5,0,,,,<0.001,,0.78,0.024,0.024,<0.10,0.024,<0.0005,0.024,0.05,
Ruak,6//68,RU01,"Moo. 3, Ban Si Dong Yen, Si Dong Yen, Chai Prakan, Chiang Mai",20.454444,99.967552,2025,Jun,23-27 Jun  2025,13:45,6,33,26.1,7.47,1204,84.2,0,,,,<0.001,,0.8,0.016,0.04,<0.10,0.029,<0.0005,0.014,0.034,
Ruak,7//68,RU01,"Koh Chang Pumping Station, PWA Mae Sai Branch",20.454444,99.967552,2025,Jul,30 Jun-4 Jul 2025,16:01,3,26.1,27.1,7.48,509,106.1,0,,,,<0.001,,0.39,<0.010,0.016,<0.10,0.015,<0.0005,0.01,0.015,
Ruak,8//68,RU01,"Koh Chang Pumping Station, PWA Mae Sai Branch",20.454444,99.967552,2025,Jul,21-25 Jul 2025,15:15,3,27,26.4,7.37,1837,101.5,0,,,,<0.001,,0.76,0.02,0.056,<0.10,0.025,<0.0005,0.04,0.039,
Ruak,9//68,RU01,"Koh Chang Pumping Station, PWA Mae Sai Branch",20.454444,99.967552,2025,Aug,4-8 Aug 2025,14:02,3,33,28.6,7.31,248,109.9,0,,,,<0.001,,0.27,<0.010,<0.010,<0.10,0.01,<0.0005,<0.010,0.01,
Ruak,10//68,RU01,"Koh Chang Pumping Station, PWA Mae Sai Branch",20.454444,99.967552,2025,Aug,18-22 Aug 2025,10:55,2,34,30.2,7.53,383,129.9,0,,,,<0.001,,0.39,<0.010,0.014,<0.10,0.022,<0.0005,0.011,0.013,
Ruak,11//68,RU01,"Koh Chang Pumping Station, PWA Mae Sai Branch",20.454444,99.967552,2025,Sep,1-4 Sep  2025,11:04,4.5,33,29,7.36,290,95.9,0,,,,<0.001,,0.41,<0.010,0.011,<0.10,0.034,<0.0005,<0.010,<0.010,
Ruak,12//68,RU01,"Koh Chang Pumping Station, PWA Mae Sai Branch",20.454444,99.967552,2025,Sep,22-26 Sep  2025,11:01,2.5,31,26.8,7.04,352,97,0,,,,<0.001,,0.41,<0.010,0.013,<0.10,0.08,<0.0005,<0.010,<0.010,
Ruak,13//68,RU01,"Koh Chang Pumping Station, PWA Mae Sai Branch",20.454444,99.967552,2025,Nov,4-7 Nov 2025,10:05,3,27,24.2,7.65,376,96.5,0,,,,<0.001,,0.31,<0.010,0.015,<0.10,0.018,<0.0005,0.015,0.013,
Ruak,14//68,RU01,"Koh Chang Pumping Station, PWA Mae Sai Branch",20.454444,99.967552,2025,Dec,9-12 Dec 2025,10:55,1.5,26,21.9,7.58,281,109.6,0,,,,<0.001,,0.24,<0.010,0.019,<0.10,0.154,<0.0005,<0.010,0.012,
Ruak,5//68,RU02,"Koh Chang Pumping Station, PWA Mae Sai Branch",20.454444,99.967552,2025,Jun,9-13 Jun  2025,14:02,3,34,29.4,7.51,1543,118.6,0,,,,<0.001,,0.92,0.023,0.027,<0.10,0.027,<0.0005,0.012,0.033,
Ruak,6//68,RU02,"Koh Chang Pumping Station, PWA Mae Sai Branch",20.454444,99.967552,2025,Jun,23-27 Jun  2025,15:45,2.5,31,28.2,7.44,1231,90.8,0,,,,<0.001,,0.74,0.018,0.04,<0.10,0.031,<0.0005,0.017,0.041,
Ruak,7//68,RU02,"Koh Chang Pumping Station, PWA Mae Sai Branch",20.454444,99.967552,2025,Jul,30 Jun-4 Jul 2025,15:35,2.5,29,27.8,7.43,357,109,0,,,,<0.001,,0.26,<0.010,0.01,<0.10,0.011,<0.0005,<0.010,0.012,
Ruak,8//68,RU02,"Koh Chang Pumping Station, PWA Mae Sai Branch",20.454444,99.967552,2025,Jul,21-25 Jul 2025,13:05,3,26,26.6,7.35,272,113,0,,,,<0.001,,0.32,<0.010,0.013,<0.10,0.012,<0.0005,<0.010,0.011,
Ruak,9//68,RU02,"Koh Chang Pumping Station, PWA Mae Sai Branch",20.454444,99.967552,2025,Aug,4-8 Aug 2025,13:03,5,37,30.8,7.16,327,122.6,0,,,,<0.001,,0.4,<0.010,0.013,<0.10,0.012,<0.0005,<0.010,0.015,
Ruak,10//68,RU02,"Wiang, Chiang Saen, Chiang Rai (Ruak River mouth before joining the Mekong River)",20.366731,100.083899,2025,Aug,18-22 Aug 2025,11:35,2,35,30.8,7.37,295,122.9,0,,,,<0.001,,0.45,<0.010,0.016,<0.10,0.02,<0.0005,0.011,0.016,
Ruak,11//68,RU02,"Wiang, Chiang Saen, Chiang Rai (Ruak River mouth before joining the Mekong River)",20.366731,100.083899,2025,Sep,1-4 Sep  2025,12:05,2,34,29.4,7.23,303,105.7,0,,,,<0.001,,0.41,<0.010,0.013,<0.10,0.029,<0.0005,<0.010,0.012,
Ruak,12//68,RU02,"Wiang, Chiang Saen, Chiang Rai (Ruak River mouth before joining the Mekong River)",20.366731,100.083899,2025,Sep,22-26 Sep  2025,13:00,2.5,33,27.8,7.05,497,92.5,0,,,,<0.001,,0.46,<0.010,0.014,<0.10,0.029,<0.0005,<0.010,0.015,
Ruak,13//68,RU02,"Wiang, Chiang Saen, Chiang Rai (Ruak River mouth before joining the Mekong River)",20.366731,100.083899,2025,Nov,4-7 Nov 2025,11:03,3,29,25.4,7.61,338,103.8,0,,,,<0.001,,0.37,<0.010,0.016,<0.10,0.018,<0.0005,0.014,0.013,
Ruak,14//68,RU02,"Wiang, Chiang Saen, Chiang Rai (Ruak River mouth before joining the Mekong River)",20.366731,100.083899,2025,Dec,9-12 Dec 2025,16:02,4,24,24,7.62,338,123.6,0,,,,<0.001,,0.2,<0.010,0.014,<0.10,0.074,<0.0005,<0.010,0.01,
Sai,1//68,SA01,"Ban Hua Fai, Mae Sai, Mae Sai, Chiang Rai",20.460637,99.95104,2025,Mar,Mar,,,,,,,,,,,,,,,,,,,,,,
Sai,2//68,SA01,"Ban Hua Fai, Mae Sai, Mae Sai, Chiang Rai",20.460637,99.95104,2025,Apr,Apr,,,,,,,,,,,,<0.001,,0.57,0.023,0.058,<0.100,0.026,<0.0005,0.044,0.047,
Sai,3//68,SA01,"Ban Hua Fai, Mae Sai, Mae Sai, Chiang Rai",20.460637,99.95104,2025,May,13-16 May  2025,8:55,0.3,27.5,26.8,8.05,399,129.8,0,,,,<0.001,,0.23,<0.010,0.021,<0.10,<0.010,<0.0005,0.023,0.018,
Sai,4//68,SA01,"Ban Hua Fai, Mae Sai, Mae Sai, Chiang Rai",20.460637,99.95104,2025,May,27-30 May  2025,9:00,1.5,25,24.9,7.74,3050,82.9,0,,,,<0.001,,1,0.036,0.07,<0.10,0.034,<0.0005,0.027,0.072,
Sai,5//68,SA01,"Ban Hua Fai, Mae Sai, Mae Sai, Chiang Rai",20.460637,99.95104,2025,Jun,9-13 Jun  2025,9:35,1,25,26.8,7.65,2559,95.8,0,,,,<0.001,,1.2,0.035,0.081,<0.10,0.039,<0.0005,0.041,0.071,
Sai,6//68,SA01,"Ban Hua Fai, Mae Sai, Mae Sai, Chiang Rai",20.460637,99.95104,2025,Jun,23-27 Jun  2025,9:02,2,26,26.4,7.52,3080,68.9,0,,,,<0.001,,1.6,0.045,0.096,<0.10,0.038,<0.0005,0.036,0.103,
Sai,7//68,SA01,"Ban Hua Fai, Mae Sai, Mae Sai, Chiang Rai",20.460637,99.95104,2025,Jul,30 Jun-4 Jul 2025,14:35,0.6,26,27.5,7.79,986,93.2,0,,,,<0.001,,0.45,0.017,0.035,<0.10,0.018,<0.0005,0.023,0.039,
Sai,8//68,SA01,"Ban Hua Fai, Mae Sai, Mae Sai, Chiang Rai",20.460637,99.95104,2025,Jul,21-25 Jul 2025,17:15,2,28,26.1,7.45,3026,73.6,0,,,,<0.001,,1.3,0.034,0.124,<0.10,0.039,<0.0005,0.055,0.071,
Sai,9//68,SA01,"Ban Hua Fai, Mae Sai, Mae Sai, Chiang Rai",20.460637,99.95104,2025,Aug,4-8 Aug 2025,11:02,1.5,26,26,6.8,2553,79.7,0,,,,<0.001,,0.91,0.028,0.065,<0.10,0.021,<0.0005,0.029,0.062,
Sai,10//68,SA01,"Ban Hua Fai, Mae Sai, Mae Sai, Chiang Rai",20.460637,99.95104,2025,Aug,18-22 Aug 2025,9:01,1,31,26.9,7.84,434,115.2,0,,,,<0.001,,0.34,0.01,0.025,<0.10,0.01,<0.0005,0.022,0.023,
Sai,11//68,SA01,"Ban Hua Fai, Mae Sai, Mae Sai, Chiang Rai",20.460637,99.95104,2025,Sep,1-4 Sep  2025,9:02,1,28,25.8,7.57,248,112.8,0,,,,<0.001,,0.21,<0.010,0.018,<0.10,<0.010,<0.0005,0.024,0.015,
Sai,12//68,SA01,"Ban Hua Fai, Mae Sai, Mae Sai, Chiang Rai",20.460637,99.95104,2025,Sep,22-26 Sep  2025,9:03,0.5,22,25.5,7,380,92.8,0,,,,<0.001,,0.39,<0.010,0.017,<0.10,0.012,<0.0005,0.015,0.02,
Sai,13//68,SA01,"Ban Hua Fai, Mae Sai, Mae Sai, Chiang Rai",20.460637,99.95104,2025,Nov,4-7 Nov 2025,9:00,1,25.5,23.2,7.67,476,94.6,0,,,,<0.001,,0.28,0.01,0.025,<0.10,0.013,<0.0005,0.027,0.024,
Sai,14//68,SA01,"Ban Hua Fai, Mae Sai, Mae Sai, Chiang Rai",20.460637,99.95104,2025,Dec,9-12 Dec 2025,9:03,1,22,19.4,7.91,216,106.9,0,,,,<0.001,,0.15,<0.010,<0.010,<0.10,<0.010,<0.0005,0.011,0.012,
Sai,1//68,SA02,"Mae Sai–Tachileik Friendship Bridge No.2, Mae Sai, Mae Sai, Chiang Rai",20.4485278,99.9046667,2025,Mar,Mar,,,,,,,,,,,,,,,,,,,,,,
Sai,2//68,SA02,"Mae Sai–Tachileik Friendship Bridge No.2, Mae Sai, Mae Sai, Chiang Rai",20.4485278,99.9046667,2025,Apr,Apr,,,,,,,,,,,,<0.001,,0.68,0.024,0.063,<0.100,0.029,<0.0005,0.045,0.049,
Sai,3//68,SA02,"Mae Sai–Tachileik Friendship Bridge No.2, Mae Sai, Mae Sai, Chiang Rai",20.4485278,99.9046667,2025,May,13-16 May  2025,9:03,0.3,30,28,7.67,389,152.2,0,,,,<0.001,,0.24,<0.010,0.022,<0.10,0.01,<0.0005,0.024,0.02,
Sai,4//68,SA02,"Mae Sai–Tachileik Friendship Bridge No.2, Mae Sai, Mae Sai, Chiang Rai",20.4485278,99.9046667,2025,May,27-30 May  2025,10:05,1.5,26,25.5,7.85,2855,89,0,,,,<0.001,,1.3,0.045,0.084,0.11,0.041,<0.0005,0.038,0.089,
Sai,5//68,SA02,"Mae Sai–Tachileik Friendship Bridge No.2, Mae Sai, Mae Sai, Chiang Rai",20.4485278,99.9046667,2025,Jun,9-13 Jun  2025,11:00,1.2,28,27.4,7.6,2473,101.2,0,,,,<0.001,,1.2,0.037,0.083,<0.10,0.042,<0.0005,0.044,0.077,
Sai,6//68,SA02,"Mae Sai–Tachileik Friendship Bridge No.2, Mae Sai, Mae Sai, Chiang Rai",20.4485278,99.9046667,2025,Jun,23-27 Jun  2025,11:00,2,26,26.2,7.65,2962,74.1,0,,,,<0.001,,1.3,0.031,0.08,<0.10,0.029,<0.0005,0.029,0.067,
Sai,7//68,SA02,"Mae Sai–Tachileik Friendship Bridge No.2, Mae Sai, Mae Sai, Chiang Rai",20.4485278,99.9046667,2025,Jul,30 Jun-4 Jul 2025,15:02,2,25,27.3,7.75,1140,103.5,0,,,,<0.001,,0.52,0.023,0.041,<0.10,0.024,<0.0005,0.049,0.056,
Sai,8//68,SA02,"Mae Sai–Tachileik Friendship Bridge No.2, Mae Sai, Mae Sai, Chiang Rai",20.4485278,99.9046667,2025,Jul,21-25 Jul 2025,16:02,3,28,26.5,7.52,2659,78.4,0,,,,<0.001,,1.2,0.038,0.102,0.1,0.041,<0.0005,0.053,0.083,
Sai,9//68,SA02,"Mae Sai–Tachileik Friendship Bridge No.2, Mae Sai, Mae Sai, Chiang Rai",20.4485278,99.9046667,2025,Aug,4-8 Aug 2025,12:03,1.5,29,26.4,6.2,1521,85.8,0,,,,<0.001,,1.1,0.036,0.074,0.1,0.027,<0.0005,0.034,0.084,
Sai,10//68,SA02,"Mae Sai–Tachileik Friendship Bridge No.2, Mae Sai, Mae Sai, Chiang Rai",20.4485278,99.9046667,2025,Aug,18-22 Aug 2025,9:45,1.5,34,30,7.81,367,134.1,0,,,,<0.001,,0.3,0.011,0.024,<0.010,0.011,<0.0005,0.022,0.024,
Sai,11//68,SA02,"Mae Sai–Tachileik Friendship Bridge No.2, Mae Sai, Mae Sai, Chiang Rai",20.4485278,99.9046667,2025,Sep,1-4 Sep  2025,10:00,1,34,28.1,7.66,268,110.7,0,,,,<0.001,,0.26,<0.010,0.021,<0.010,<0.010,<0.0005,0.026,0.02,
Sai,12//68,SA02,"Mae Sai–Tachileik Friendship Bridge No.2, Mae Sai, Mae Sai, Chiang Rai",20.4485278,99.9046667,2025,Sep,22-26 Sep  2025,10:00,1,29,26,7.23,409,100.1,0,,,,<0.001,,0.47,0.013,0.021,<0.10,0.015,<0.0005,0.017,0.028,
Sai,13//68,SA02,"Mae Sai–Tachileik Friendship Bridge No.2, Mae Sai, Mae Sai, Chiang Rai",20.4485278,99.9046667,2025,Nov,4-7 Nov 2025,9:03,1.5,27,23.9,7.78,543,99.4,0,,,,<0.001,,0.31,0.013,0.027,<0.10,0.017,<0.0005,0.028,0.028,
Sai,14//68,SA02,"Mae Sai–Tachileik Friendship Bridge No.2, Mae Sai, Mae Sai, Chiang Rai",20.4485278,99.9046667,2025,Dec,9-12 Dec 2025,9:05,1.5,28,21,7.76,179,112.1,0,,,,<0.001,,0.15,<0.010,<0.010,<0.10,<0.010,<0.0005,0.012,0.012,
Sai,1//68,SA03,"Ban Pa Sang Ngam, Moo 6, Koh Chang, Mae Sai, Chiang Rai",20.443851,99.874161,2025,Mar,Mar,,,,,,,,,,,,,,,,,,,,,,
Sai,2//68,SA03,"Ban Pa Sang Ngam, Moo 6, Koh Chang, Mae Sai, Chiang Rai",20.443851,99.874161,2025,Apr,Apr,,,,,,,,,,,,<0.001,,0.73,0.025,0.066,<0.100,0.031,<0.0005,0.049,0.052,
Sai,3//68,SA03,"Ban Pa Sang Ngam, Moo 6, Koh Chang, Mae Sai, Chiang Rai",20.443851,99.874161,2025,May,13-16 May  2025,10:00,0.3,33,28.6,8.6,265,196.7,0,,,,<0.001,,0.18,<0.010,0.012,<0.10,<0.010,<0.0005,0.017,0.012,
Sai,4//68,SA03,"Ban Pa Sang Ngam, Moo 6, Koh Chang, Mae Sai, Chiang Rai",20.443851,99.874161,2025,May,27-30 May  2025,10:45,1,27.5,25.7,7.76,2564,108.9,0,,,,<0.001,,1.1,0.032,0.067,<0.10,0.036,<0.0005,0.031,0.06,
Sai,5//68,SA03,"Ban Pa Sang Ngam, Moo 6, Koh Chang, Mae Sai, Chiang Rai",20.443851,99.874161,2025,Jun,9-13 Jun  2025,11:03,1.5,31,27.1,7.69,628,119.2,0,,,,<0.001,,0.82,0.023,0.049,<0.10,0.024,<0.0005,0.029,0.044,
Sai,6//68,SA03,"Ban Pa Sang Ngam, Moo 6, Koh Chang, Mae Sai, Chiang Rai",20.443851,99.874161,2025,Jun,23-27 Jun  2025,11:05,1.5,29.5,26.2,7.71,2250,101.8,0,,,,<0.001,,1.6,0.044,0.089,<0.10,0.038,<0.0005,0.034,0.099,
Sai,7//68,SA03,"Ban Pa Sang Ngam, Moo 6, Koh Chang, Mae Sai, Chiang Rai",20.443851,99.874161,2025,Jul,30 Jun-4 Jul 2025,15:45,2,28,27.4,7.78,1106,157,0,,,,<0.001,,0.53,0.018,0.038,<0.10,0.023,<0.0005,0.024,0.042,
Sai,8//68,SA03,"Ban Pa Sang Ngam, Moo 6, Koh Chang, Mae Sai, Chiang Rai",20.443851,99.874161,2025,Jul,21-25 Jul 2025,15:05,3,29,26.5,7.63,2501,118.4,0,,,,<0.001,,1.2,0.037,0.094,<0.10,0.039,<0.0005,0.052,0.08,
Sai,9//68,SA03,"Ban Pa Sang Ngam, Moo 6, Koh Chang, Mae Sai, Chiang Rai",20.443851,99.874161,2025,Aug,4-8 Aug 2025,15:00,3,35,30.8,7.55,591,136.8,0,,,,<0.001,,0.4,0.014,0.026,<0.10,0.014,<0.0005,0.019,0.031,
Sai,10//68,SA03,"Ban Pa Sang Ngam, Moo 6, Koh Chang, Mae Sai, Chiang Rai",20.443851,99.874161,2025,Aug,18-22 Aug 2025,10:02,1,34,29.6,7.75,491,170.8,0,,,,0.0015,,0.36,0.013,0.025,0.26,0.013,<0.0005,0.02,0.024,
Sai,11//68,SA03,"Ban Pa Sang Ngam, Moo 6, Koh Chang, Mae Sai, Chiang Rai",20.443851,99.874161,2025,Sep,1-4 Sep  2025,10:25,2,34,28.2,7.61,390,135.2,0,,,,0.0015,,0.31,<0.010,0.02,0.26,0.011,<0.0005,0.022,0.019,
Sai,12//68,SA03,"Ban Pa Sang Ngam, Moo 6, Koh Chang, Mae Sai, Chiang Rai",20.443851,99.874161,2025,Sep,22-26 Sep  2025,10:45,1,29,26,7.11,454,126.7,0,,,,0.0015,,0.43,0.013,0.019,<0.10,0.015,<0.0005,0.016,0.025,
Sai,13//68,SA03,"Ban Pa Sang Ngam, Moo 6, Koh Chang, Mae Sai, Chiang Rai",20.443851,99.874161,2025,Nov,4-7 Nov 2025,10:15,2,28,23.6,7.78,541,117.8,0,,,,<0.001,,0.31,0.012,0.029,<0.10,0.016,<0.0005,0.031,0.028,
Sai,14//68,SA03,"Ban Pa Sang Ngam, Moo 6, Koh Chang, Mae Sai, Chiang Rai",20.443851,99.874161,2025,Dec,9-12 Dec 2025,11:02,1.5,26,21.6,7.68,268,127.3,0,,,,<0.001,,0.25,<0.010,0.011,<0.10,<0.010,<0.0005,0.014,0.015,
Suai,1//68,SU01,"Mae Suai, Mae Suai, Chiang Rai",19.6563156,99.5448396,2025,Mar,Mar,,,,,,,,,,,,,,,,,,,,,,
Suai,2//68,SU01,"Mae Suai, Mae Suai, Chiang Rai",19.6563156,99.5448396,2025,Apr,Apr,,,,,,,,,,,,<0.001,,0.1,<0.010,<0.010,<0.100,<0.010,<0.0005,<0.010,<0.010,
Suai,3//68,SU01,"Mae Suai, Mae Suai, Chiang Rai",19.6563156,99.5448396,2025,May,13-16 May  2025,15:00,0.1,32,29,8.04,8.54,140.5,0,,,,<0.001,,0.11,<0.010,<0.010,<0.10,<0.010,<0.0005,<0.010,<0.010,
Suai,4//68,SU01,"Mae Suai, Mae Suai, Chiang Rai",19.6563156,99.5448396,2025,May,27-30 May  2025,16:05,0.7,26,25.8,7.87,275,125.9,0,,,,<0.001,,0.28,<0.010,<0.010,<0.10,<0.010,<0.0005,<0.010,<0.010,
Suai,5//68,SU01,"Mae Suai, Mae Suai, Chiang Rai",19.6563156,99.5448396,2025,Jun,9-13 Jun  2025,16:04,1,31,27.8,7.66,80.2,124.5,0,,,,<0.001,,<0.10,<0.010,<0.010,<0.10,<0.010,<0.0005,<0.010,<0.010,
Suai,6//68,SU01,"Mae Suai, Mae Suai, Chiang Rai",19.6563156,99.5448396,2025,Jun,23-27 Jun  2025,11:00,0.5,26,26.7,7.58,65.3,125.7,0,,,,<0.001,,<0.10,<0.010,<0.010,<0.10,<0.010,<0.0005,<0.010,<0.010,
Suai,7//68,SU01,"Mae Suai, Mae Suai, Chiang Rai",19.6563156,99.5448396,2025,Jul,30 Jun-4 Jul 2025,10:00,0.8,28,27.6,7.56,46.3,126.3,0,,,,<0.001,,0.11,<0.010,<0.010,<0.10,<0.010,<0.0005,<0.010,<0.010,
Suai,8//68,SU01,"Mae Suai, Mae Suai, Chiang Rai",19.6563156,99.5448396,2025,Jul,21-25 Jul 2025,17:01,1.5,30,27,7.9,57,181.1,0,,,,<0.001,,<0.10,<0.010,<0.010,<0.10,<0.010,<0.0005,<0.010,<0.010,
Suai,9//68,SU01,"Mae Suai, Mae Suai, Chiang Rai",19.6563156,99.5448396,2025,Aug,4-8 Aug 2025,14:05,0.9,31,27.6,7.61,90.1,121.4,0,,,,<0.001,,<0.10,<0.010,<0.010,<0.10,<0.010,<0.0005,<0.010,<0.010,
Suai,10//68,SU01,"Mae Suai, Mae Suai, Chiang Rai",19.6563156,99.5448396,2025,Aug,18-22 Aug 2025,11:25,0.8,31,28.1,7.69,127,136.5,0,,,,<0.001,,0.11,<0.010,<0.010,<0.10,<0.010,<0.0005,<0.010,<0.010,
Suai,11//68,SU01,"Mae Suai, Mae Suai, Chiang Rai",19.6563156,99.5448396,2025,Sep,1-4 Sep  2025,15:00,0.8,34,27.3,6.75,120,108.2,0,,,,<0.001,,<0.10,<0.010,<0.010,<0.10,<0.010,<0.0005,<0.010,<0.010,
Suai,12//68,SU01,"Mae Suai, Mae Suai, Chiang Rai",19.6563156,99.5448396,2025,Sep,22-26 Sep  2025,14:03,1,32,27.5,6.99,84.7,113.9,0,,,,<0.001,,<0.10,<0.010,<0.010,<0.10,<0.010,<0.0005,<0.010,<0.010,
,,,,,,,,,,,,,,,,,,,,,,,,,,,,,,
,,,,,,,,,,,,,,,,,,,,,,,,,,,,,,
,,,,,,,,,,,,,,,,,,,,,,,,,,,,,,
,,,,,,,,,,,,,,,,,,,,,,,,,,,,,,
,,,,,,,,,,,,,,,,,,,,,,,,,,,,,,
,,,,,,,,,,,,,,,,,,,,,,,,,,,,,,
,,,,,,,,,,,,,,,,,,,,,,,,,,,,,,
,,,,,,,,,,,,,,,,,,,,,,,,,,,,,,
,,,,,,,,,,,,,,,,,,,,,,,,,,,,,,
,,,,,,,,,,,,,,,,,,,,,,,,,,,,,,
,,,,,,,,,,,,,,,,,,,,,,,,,,,,,,
,,,,,,,,,,,,,,,,,,,,,,,,,,,,,,
,,,,,,,,,,,,,,,,,,,,,,,,,,,,,,
,,,,,,,,,,,,,,,,,,,,,,,,,,,,,,
,,,,,,,,,,,,,,,,,,,,,,,,,,,,,,
,,,,,,,,,,,,,,,,,,,,,,,,,,,,,,
,,,,,,,,,,,,,,,,,,,,,,,,,,,,,,
,,,,,,,,,,,,,,,,,,,,,,,,,,,,,,
,,,,,,,,,,,,,,,,,,,,,,,,,,,,,,
,,,,,,,,,,,,,,,,,,,,,,,,,,,,,,
,,,,,,,,,,,,,,,,,,,,,,,,,,,,,,
,,,,,,,,,,,,,,,,,,,,,,,,,,,,,,
,,,,,,,,,,,,,,,,,,,,,,,,,,,,,,
,,,,,,,,,,,,,,,,,,,,,,,,,,,,,,
,,,,,,,,,,,,,,,,,,,,,,,,,,,,,,
,,,,,,,,,,,,,,,,,,,,,,,,,,,,,,
,,,,,,,,,,,,,,,,,,,,,,,,,,,,,,
,,,,,,,,,,,,,,,,,,,,,,,,,,,,,,
,,,,,,,,,,,,,,,,,,,,,,,,,,,,,,
,,,,,,,,,,,,,,,,,,,,,,,,,,,,,,
,,,,,,,,,,,,,,,,,,,,,,,,,,,,,,
,,,,,,,,,,,,,,,,,,,,,,,,,,,,,,
,,,,,,,,,,,,,,,,,,,,,,,,,,,,,,
,,,,,,,,,,,,,,,,,,,,,,,,,,,,,,
,,,,,,,,,,,,,,,,,,,,,,,,,,,,,,
,,,,,,,,,,,,,,,,,,,,,,,,,,,,,,
,,,,,,,,,,,,,,,,,,,,,,,,,,,,,,
,,,,,,,,,,,,,,,,,,,,,,,,,,,,,,
,,,,,,,,,,,,,,,,,,,,,,,,,,,,,,
,,,,,,,,,,,,,,,,,,,,,,,,,,,,,,
,,,,,,,,,,,,,,,,,,,,,,,,,,,,,,
,,,,,,,,,,,,,,,,,,,,,,,,,,,,,,
,,,,,,,,,,,,,,,,,,,,,,,,,,,,,,
,,,,,,,,,,,,,,,,,,,,,,,,,,,,,,
,,,,,,,,,,,,,,,,,,,,,,,,,,,,,,
,,,,,,,,,,,,,,,,,,,,,,,,,,,,,,
,,,,,,,,,,,,,,,,,,,,,,,,,,,,,,
,,,,,,,,,,,,,,,,,,,,,,,,,,,,,,
,,,,,,,,,,,,,,,,,,,,,,,,,,,,,,
,,,,,,,,,,,,,,,,,,,,,,,,,,,,,,
,,,,,,,,,,,,,,,,,,,,,,,,,,,,,,
,,,,,,,,,,,,,,,,,,,,,,,,,,,,,,
,,,,,,,,,,,,,,,,,,,,,,,,,,,,,,
,,,,,,,,,,,,,,,,,,,,,,,,,,,,,,
,,,,,,,,,,,,,,,,,,,,,,,,,,,,,,
,,,,,,,,,,,,,,,,,,,,,,,,,,,,,,
,,,,,,,,,,,,,,,,,,,,,,,,,,,,,,
,,,,,,,,,,,,,,,,,,,,,,,,,,,,,,
,,,,,,,,,,,,,,,,,,,,,,,,,,,,,,
,,,,,,,,,,,,,,,,,,,,,,,,,,,,,,
,,,,,,,,,,,,,,,,,,,,,,,,,,,,,,
,,,,,,,,,,,,,,,,,,,,,,,,,,,,,,
,,,,,,,,,,,,,,,,,,,,,,,,,,,,,,
,,,,,,,,,,,,,,,,,,,,,,,,,,,,,,
,,,,,,,,,,,,,,,,,,,,,,,,,,,,,,
,,,,,,,,,,,,,,,,,,,,,,,,,,,,,,
,,,,,,,,,,,,,,,,,,,,,,,,,,,,,,
,,,,,,,,,,,,,,,,,,,,,,,,,,,,,,
,,,,,,,,,,,,,,,,,,,,,,,,,,,,,,
,,,,,,,,,,,,,,,,,,,,,,,,,,,,,,
,,,,,,,,,,,,,,,,,,,,,,,,,,,,,,
,,,,,,,,,,,,,,,,,,,,,,,,,,,,,,
,,,,,,,,,,,,,,,,,,,,,,,,,,,,,,
,,,,,,,,,,,,,,,,,,,,,,,,,,,,,,
,,,,,,,,,,,,,,,,,,,,,,,,,,,,,,
,,,,,,,,,,,,,,,,,,,,,,,,,,,,,,
,,,,,,,,,,,,,,,,,,,,,,,,,,,,,,
,,,,,,,,,,,,,,,,,,,,,,,,,,,,,,
,,,,,,,,,,,,,,,,,,,,,,,,,,,,,,
,,,,,,,,,,,,,,,,,,,,,,,,,,,,,,
,,,,,,,,,,,,,,,,,,,,,,,,,,,,,,
,,,,,,,,,,,,,,,,,,,,,,,,,,,,,,
,,,,,,,,,,,,,,,,,,,,,,,,,,,,,,
,,,,,,,,,,,,,,,,,,,,,,,,,,,,,,
,,,,,,,,,,,,,,,,,,,,,,,,,,,,,,
,,,,,,,,,,,,,,,,,,,,,,,,,,,,,,
,,,,,,,,,,,,,,,,,,,,,,,,,,,,,,
,,,,,,,,,,,,,,,,,,,,,,,,,,,,,,
,,,,,,,,,,,,,,,,,,,,,,,,,,,,,,
,,,,,,,,,,,,,,,,,,,,,,,,,,,,,,
,,,,,,,,,,,,,,,,,,,,,,,,,,,,,,
,,,,,,,,,,,,,,,,,,,,,,,,,,,,,,
,,,,,,,,,,,,,,,,,,,,,,,,,,,,,,
,,,,,,,,,,,,,,,,,,,,,,,,,,,,,,
,,,,,,,,,,,,,,,,,,,,,,,,,,,,,,
,,,,,,,,,,,,,,,,,,,,,,,,,,,,,,
,,,,,,,,,,,,,,,,,,,,,,,,,,,,,,
,,,,,,,,,,,,,,,,,,,,,,,,,,,,,,
,,,,,,,,,,,,,,,,,,,,,,,,,,,,,,
,,,,,,,,,,,,,,,,,,,,,,,,,,,,,,
,,,,,,,,,,,,,,,,,,,,,,,,,,,,,,
,,,,,,,,,,,,,,,,,,,,,,,,,,,,,,
,,,,,,,,,,,,,,,,,,,,,,,,,,,,,,
,,,,,,,,,,,,,,,,,,,,,,,,,,,,,,
,,,,,,,,,,,,,,,,,,,,,,,,,,,,,,
