station_la,station_lo,Date,Turbidity_,AOT,B1,B11,B12,B2,B3,B4,B5,B6,B7,B8,B8A,B9,MNDWI,MSK_CLASSI_CIRRUS,MSK_CLASSI_OPAQUE,MSK_CLASSI_SNOW_ICE,MSK_CLDPRB,MSK_SNWPRB,NDSSI,NDTI,NDWI,QA10,QA20,QA60,SCL,TCI_B,TCI_G,TCI_R,WVP
20.0209934,99.3538415,2025-03-01,11.6,0.0614,0.0432,0.2484,0.1893,0.106,0.12720000743865967,0.1584,0.1555,0.2091,0.2317,0.2129,0.2526,0.232,-0.32268367987488356,0,0,0,0.0,0,-0.14678157823862104,0.10924366858793373,-0.251984682995919,,,0,0.0005,0.0102,0.0131,0.0164,0.1745
20.0209934,99.3538415,2025-04-01,5.08,0.0811,0.0645,0.2612,0.1957,0.112,0.15360000729560852,0.1864,0.1815,0.2267,0.2258,0.2358,0.2613,0.2359,-0.2594020993536531,0,0,0,0.0,0,-0.11700615821885361,0.09647056470758827,-0.2110939680645417,,,0,0.0005,0.0115,0.0156,0.019,0.1721
20.0209934,99.3538415,2025-05-13,98.9,0.0284,0.0657,0.2487,0.1774,0.134,0.1720000058412552,0.1954,0.1921,0.2253,0.2901,0.2248,0.2654,0.2805,-0.1823151725547786,0,0,0,0.0,0,-0.06996668253212758,0.06369078330623484,-0.13306449944929716,,,0,0.0005,0.0134,0.0176,0.0201,0.364
20.0209934,99.3538415,2025-05-27,96.6,0.0236,0.063,0.247,0.1762,0.144,0.2093999981880188,0.2278,0.2181,0.2802,0.3303,0.2467,0.3299,0.3035,-0.08238387809215433,0,0,0,0.0,0,-0.03983140147523709,0.042086006148765454,-0.0817803156328998,,,0,0.0005,0.0146,0.0214,0.0233,0.3972
20.0209934,99.3538415,2025-06-09,39.5,0.0307,0.0581,0.229,0.1725,0.1564,0.19920000433921814,0.2158,0.1966,0.2924,0.3199,0.2536,0.3059,0.2905,-0.06959363698925712,0,0,0,0.0,0,-0.08052833404345974,0.03999998912581488,-0.12014133202178093,,,0,0.0005,0.0159,0.0203,0.022,0.4655
20.0209934,99.3538415,2025-06-23,120.0,0.0269,0.0904,0.2045,0.1628,0.1278,0.1462000012397766,0.1534,0.1673,0.2401,0.2895,0.2216,0.3015,0.2786,-0.16623894654726037,0,0,0,0.0,0,-0.18186666666666662,0.024032038486078232,-0.20500271480713922,,,0,0.0005,0.013,0.0149,0.0156,0.4709
20.0209934,99.3538415,2025-07-01,97.5,0.0146,0.1221,0.253,0.1846,0.158,0.19380000233650208,0.2082,0.2246,0.2998,0.3214,0.2824,0.3387,0.3255,-0.13249775593983135,0,0,0,0.0033,0,-0.15124337545862207,0.03582088950199587,-0.1860562730549707,,,0,0.0008,0.0161,0.0197,0.0212,0.4609
20.0209934,99.3538415,2025-07-21,294.0,0.0146,0.1221,0.253,0.1846,0.158,0.19380000233650208,0.2082,0.2246,0.2998,0.3214,0.2824,0.3387,0.3255,-0.13249775593983135,0,0,0,0.0033,0,-0.15124337545862207,0.03582088950199587,-0.1860562730549707,,,0,0.0008,0.0161,0.0197,0.0212,0.4609
20.0209934,99.3538415,2025-08-18,135.0,0.0325,0.0568,0.1938,0.1464,0.1332,0.16339999437332153,0.1804,0.1824,0.2278,0.2842,0.2286,0.2624,0.2057,-0.08510640007151404,0,0,0,0.0,0,-0.11784841075794618,0.049447370287675756,-0.16632654735342975,,,0,0.0005,0.0136,0.0168,0.0185,0.449
20.0209934,99.3538415,2025-09-01,137.0,0.0325,0.0568,0.1938,0.1464,0.1332,0.16339999437332153,0.1804,0.1824,0.2278,0.2842,0.2286,0.2624,0.2057,-0.08510640007151404,0,0,0,0.0,0,-0.11784841075794618,0.049447370287675756,-0.16632654735342975,,,0,0.0005,0.0136,0.0168,0.0185,0.449
20.0209934,99.3538415,2025-09-22,63.1,0.0218,0.0206,0.0341,0.0248,0.0363,0.03849999979138374,0.0366,0.0361,0.0402,0.0574,0.0349,0.0586,0.0249,0.060606057906710115,0,0,0,0.0,0,0.023776223776223775,-0.025299597825055264,0.04904631882310085,,,0,0.0003,0.0037,0.004,0.0037,0.433
20.0209934,99.3538415,2025-11-04,171.0,0.0079,0.0421,0.2165,0.1672,0.1274,0.16359999775886536,0.1888,0.1642,0.217,0.2379,0.2298,0.2632,0.1786,-0.13917390832160512,0,0,0,0.0,0,-0.09794553272814145,0.07150965494153634,-0.16827656994983503,,,0,0.0005,0.0129,0.0169,0.0193,0.2166
20.0209934,99.3538415,2025-12-09,50.8,0.009,0.0433,0.2178,0.1724,0.1164,0.16279999911785126,0.1684,0.1582,0.227,0.2487,0.2453,0.2592,0.1963,-0.14450867317295554,0,0,0,0.0,0,-0.18588349045201838,0.016908215268913944,-0.20215633683038642,,,0,0.0005,0.0123,0.0165,0.017,0.08
20.06109471,99.3620021,2025-03-01,988.0,0.0585,0.0555,0.1716,0.1719,0.1154,0.15379999577999115,0.1822,0.1766,0.1678,0.1688,0.2072,0.1364,0.1657,-0.05470191902535783,0,0,0,0.0,0,-0.06420133538777606,0.08452382314494086,-0.1479224510920856,,,0,0.0005,0.0119,0.0155,0.0184,0.2201
20.06109471,99.3620021,2025-04-01,348.0,0.0756,0.0777,0.1565,0.1657,0.1274,0.16419999301433563,0.2064,0.1892,0.1755,0.1854,0.2137,0.1553,0.1725,0.02400995691319343,0,0,0,0.0,0,-0.017376815044037135,0.11386942196739862,-0.13098705451361728,,,0,0.0005,0.0129,0.0168,0.0211,0.19
20.06109471,99.3620021,2025-05-13,548.0,0.0253,0.094,0.2013,0.187,0.1612,0.19840000569820404,0.2366,0.2355,0.2019,0.2015,0.2382,0.1969,0.2063,-0.007255427221548815,0,0,0,0.0,0,-0.003369839932603181,0.08781607770437248,-0.09115894132467639,,,0,0.0005,0.0164,0.0203,0.0239,0.3974
20.06109471,99.3620021,2025-05-27,1210.0,0.0224,0.1069,0.2621,0.2369,0.1354,0.13619999587535858,0.1348,0.1865,0.2462,0.2895,0.2226,0.3142,0.3121,-0.3160934105659387,0,0,0,0.0,0,-0.2456631225517627,-0.005166036519065042,-0.24080268984912528,,,0,0.0003,0.0134,0.0139,0.0136,0.4104
20.06109471,99.3620021,2025-06-09,365.0,0.0296,0.0946,0.1882,0.1849,0.1944,0.2313999980688095,0.2668,0.242,0.189,0.2123,0.2269,0.1863,0.1945,0.10295519129560435,0,0,0,0.0,0,0.0808183107150091,0.07105580503495136,0.009818891747265262,,,0,0.0005,0.0197,0.0237,0.0255,0.5649
20.06109471,99.3620021,2025-06-23,2650.0,0.0269,0.0675,0.123,0.0958,0.1154,0.12880000472068787,0.139,0.1328,0.1358,0.1482,0.1544,0.1397,0.1225,0.02303417240647629,0,0,0,0.0011,0,-0.05248807089297886,0.03808810716770008,-0.09039546205008257,,,0,0.0003,0.0118,0.0131,0.0142,0.4823
20.06109471,99.3620021,2025-08-04,747.0,0.0107,0.1444,0.2508,0.2094,0.2362,0.28139999508857727,0.32,0.3177,0.3071,0.3589,0.37,0.3675,0.252,0.05749717281279625,0,0,0,0.01,0,-0.07246376811594202,0.06418358035692621,-0.1360147460538051,,,0,0.0009,0.024,0.0255,0.0255,0.3586
20.06109471,99.3620021,2025-08-18,336.0,0.0293,0.0839,0.1796,0.1741,0.1954,0.21940000355243683,0.2466,0.2183,0.1864,0.1927,0.2308,0.2117,0.2005,0.09974938144883069,0,0,0,0.0,0,0.033095936321742785,0.05836909064422892,-0.025322070985357884,,,0,0.0005,0.0199,0.0223,0.0251,0.4581
20.06109471,99.3620021,2025-09-01,358.0,0.0293,0.0839,0.1796,0.1741,0.1954,0.21940000355243683,0.2466,0.2183,0.1864,0.1927,0.2308,0.2117,0.2005,0.09974938144883069,0,0,0,0.0,0,0.033095936321742785,0.05836909064422892,-0.025322070985357884,,,0,0.0005,0.0199,0.0223,0.0251,0.4581
20.06109471,99.3620021,2025-09-22,298.0,0.0208,0.0885,0.1656,0.151,0.1778,0.21199999749660492,0.2396,0.2151,0.1849,0.1818,0.2237,0.1778,0.168,0.1228813501171226,0,0,0,0.0,0,0.034319015756529236,0.061116037768805746,-0.026853345353728766,,,0,0.0005,0.018,0.0217,0.0245,0.5348
20.06109471,99.3620021,2025-11-04,345.0,0.0079,0.0603,0.1599,0.1473,0.139,0.17080000042915344,0.197,0.179,0.1603,0.1523,0.209,0.1507,0.1515,0.032960388312695474,0,0,0,0.0,0,-0.029556650246305376,0.07123436525360548,-0.10057925099442501,,,0,0.0005,0.0144,0.0174,0.0199,0.237
20.06109471,99.3620021,2025-12-09,139.0,0.009,0.062,0.1685,0.1626,0.1442,0.17020000517368317,0.2008,0.1577,0.1552,0.1736,0.2232,0.156,0.1559,0.005019206222956519,0,0,0,0.0,0,-0.052830188679245285,0.08247976927113922,-0.1347229133942633,,,0,0.0005,0.0145,0.0174,0.0206,0.1197
20.047791,99.4049339,2025-03-01,171.0,0.058,0.0493,0.0632,0.0598,0.0784,0.12219999730587006,0.1586,0.1684,0.1164,0.1149,0.0865,0.0793,0.1026,0.3182308423043435,0,0,0,0.0,0,0.2941656466748266,0.12962964046783845,0.17105892557127472,,,0,0.0005,0.0081,0.0126,0.0161,0.1747
20.047791,99.4049339,2025-04-01,82.8,0.0757,0.0707,0.2222,0.1465,0.0818,0.12039999663829803,0.1544,0.1928,0.1932,0.2012,0.2396,0.2311,0.206,-0.2971395340355999,0,0,0,0.0,0,-0.216243654822335,0.12372636018061545,-0.331111123541108,,,0,0.0005,0.0082,0.0123,0.0157,0.1909
20.047791,99.4049339,2025-05-13,468.0,0.0241,0.0781,0.1102,0.088,0.0776,0.11420000344514847,0.1388,0.1519,0.114,0.12,0.085,0.1029,0.1511,0.0178253270220034,0,0,0,0.0,0,0.24039320822162646,0.09723318663979752,0.14658636014124843,,,0,0.0005,0.008,0.0115,0.0141,0.3465
20.047791,99.4049339,2025-05-27,1190.0,0.023,0.065,0.0393,0.0253,0.0695,0.10859999805688858,0.144,0.1602,0.1052,0.1102,0.0901,0.0837,0.1121,0.4685598307461294,0,0,0,0.0,0,0.2302434856898761,0.14014252658520962,0.09310517482537649,,,0,0.0005,0.0073,0.0111,0.0148,0.4349
20.047791,99.4049339,2025-06-09,436.0,0.0291,0.0677,0.0694,0.048,0.0777,0.11800000071525574,0.1554,0.172,0.1062,0.1132,0.0871,0.0854,0.1109,0.25933831659425033,0,0,0,0.0,0,0.2816494845360825,0.1367959004641559,0.150658218466585,,,0,0.0005,0.0079,0.012,0.0157,0.5086
20.047791,99.4049339,2025-07-01,1422.0,0.0152,0.0793,0.0383,0.0251,0.0938,0.1363999992609024,0.1758,0.185,0.1365,0.1474,0.1204,0.1067,0.1117,0.5615340565308007,0,0,0,0.0,0,0.187035786630655,0.12620115577313445,0.06230529325137112,,,0,0.0003,0.0096,0.0139,0.0179,0.4609
20.047791,99.4049339,2025-07-21,1686.0,0.0152,0.0793,0.0383,0.0251,0.0938,0.1363999992609024,0.1758,0.185,0.1365,0.1474,0.1204,0.1067,0.1117,0.5615340565308007,0,0,0,0.0,0,0.187035786630655,0.12620115577313445,0.06230529325137112,,,0,0.0003,0.0096,0.0139,0.0179,0.4609
20.047791,99.4049339,2025-08-18,318.0,0.0291,0.0553,0.0253,0.0191,0.0695,0.11400000005960464,0.1716,0.1884,0.1465,0.1658,0.146,0.1349,0.1497,0.6367552047498283,0,0,0,0.0,0,0.08060453400503782,0.20168067201811715,-0.12307692281945919,,,0,0.0005,0.0071,0.0116,0.0175,0.4516
20.047791,99.4049339,2025-09-01,435.0,0.0291,0.0553,0.0253,0.0191,0.0695,0.11400000005960464,0.1716,0.1884,0.1465,0.1658,0.146,0.1349,0.1497,0.6367552047498283,0,0,0,0.0,0,0.08060453400503782,0.20168067201811715,-0.12307692281945919,,,0,0.0005,0.0071,0.0116,0.0175,0.4516
20.047791,99.4049339,2025-09-22,175.0,0.0208,0.0687,0.0179,0.0109,0.0756,0.1151999980211258,0.1498,0.1545,0.0851,0.0904,0.0631,0.0605,0.056,0.7310292972782931,0,0,0,0.0,0,0.4072334429309535,0.13056604617829426,0.2922041424529503,,,0,0.0006,0.0075,0.0118,0.0153,0.433
20.047791,99.4049339,2025-11-04,360.0,0.0079,0.039,0.0185,0.012,0.053,0.09049999713897705,0.117,0.1175,0.0703,0.0773,0.0612,0.0518,0.0541,0.6605504498057527,0,0,0,0.0,0,0.3131313131313132,0.12771085892244172,0.19314434865898134,,,0,0.0006,0.0054,0.0093,0.0119,0.1671
20.047791,99.4049339,2025-12-09,142.0,0.009,0.0416,0.0154,0.0107,0.0684,0.10899999737739563,0.1268,0.1262,0.0725,0.0691,0.0642,0.0455,0.0633,0.7524115703430346,0,0,0,0.0,0,0.32774869109947646,0.07548771340364195,0.2586604968577355,,,0,0.0006,0.0073,0.0112,0.013,0.0662
20.0396223,99.4767091,2025-03-01,139.0,0.0575,0.0452,0.2635,0.2306,0.0954,0.14100000262260437,0.17,0.1908,0.2033,0.2117,0.2619,0.2039,0.3014,-0.30284300762214644,0,0,0,0.0,0,-0.21278073628154665,0.09324757920528659,-0.3000744517012139,,,0,0.0005,0.0097,0.0144,0.0174,0.2033
20.0396223,99.4767091,2025-04-01,186.0,0.0758,0.0686,0.2708,0.213,0.094,0.13779999315738678,0.1744,0.1944,0.1927,0.2141,0.2531,0.2118,0.3158,-0.3255017353644045,0,0,0,0.0,0,-0.18409356725146198,0.1172325677283483,-0.2949603705830467,,,0,0.0005,0.0095,0.014,0.0181,0.1854
20.0396223,99.4767091,2025-05-13,296.0,0.0241,0.0873,0.2412,0.1896,0.1066,0.15559999644756317,0.166,0.1976,0.2316,0.2419,0.2793,0.2426,0.3627,-0.21572581733565818,0,0,0,0.0,0,-0.25443521221648324,0.03233831986105931,-0.2844332135269438,,,0,0.0005,0.011,0.0159,0.017,0.3897
20.0396223,99.4767091,2025-05-27,770.0,0.0224,0.0651,0.1896,0.1564,0.1068,0.15060000121593475,0.1598,0.1977,0.2262,0.229,0.2644,0.232,0.3336,-0.11463844398786704,0,0,0,0.0,0,-0.24658180103724664,0.029639171224310392,-0.274216863736471,,,0,0.0005,0.0108,0.0155,0.0164,0.4813
20.0396223,99.4767091,2025-06-23,441.0,0.0269,0.1783,0.2765,0.236,0.195,0.2021999955177307,0.1946,0.237,0.3296,0.3743,0.3576,0.3837,0.5356,-0.15521204340499578,0,0,0,0.0028,0,-0.2951829047446577,-0.019153214726765583,-0.27759915278053493,,,0,0.0008,0.0199,0.0206,0.0198,0.4823
20.0396223,99.4767091,2025-07-01,1126.0,0.0157,0.0836,0.2073,0.1615,0.1258,0.18019999563694,0.1992,0.2232,0.2503,0.2518,0.2786,0.2664,0.3006,-0.06993549591791683,0,0,0,0.0039,0,-0.16617831728756807,0.05007908429509234,-0.21447254860247736,,,0,0.0008,0.0128,0.0184,0.0203,0.4609
20.0396223,99.4767091,2025-07-21,1402.0,0.0157,0.0836,0.2073,0.1615,0.1258,0.18019999563694,0.1992,0.2232,0.2503,0.2518,0.2786,0.2664,0.3006,-0.06993549591791683,0,0,0,0.0039,0,-0.16617831728756807,0.05007908429509234,-0.21447254860247736,,,0,0.0008,0.0128,0.0184,0.0203,0.4609
20.0396223,99.4767091,2025-08-18,309.0,0.0291,0.0714,0.1777,0.1467,0.13,0.1736000031232834,0.208,0.219,0.203,0.2106,0.2214,0.2234,0.2709,-0.011670927527085104,0,0,0,0.0,0,-0.031206334420121152,0.09014674160157964,-0.12101264936394893,,,0,0.0005,0.0131,0.0177,0.0212,0.4836
20.0396223,99.4767091,2025-09-01,386.0,0.0291,0.0714,0.1777,0.1467,0.13,0.1736000031232834,0.208,0.219,0.203,0.2106,0.2214,0.2234,0.2709,-0.011670927527085104,0,0,0,0.0,0,-0.031206334420121152,0.09014674160157964,-0.12101264936394893,,,0,0.0005,0.0131,0.0177,0.0212,0.4836
20.0396223,99.4767091,2025-09-22,204.0,0.0208,0.0761,0.1623,0.1307,0.1294,0.16660000383853912,0.1998,0.1972,0.1768,0.1799,0.2032,0.1895,0.2222,0.013073894157356247,0,0,0,0.0,0,-0.00843672456575679,0.09061134228615093,-0.09897240611560686,,,0,0.0003,0.013,0.017,0.0202,0.433
19.9741234,99.6569426,2025-04-01,176.0,0.0766,0.0654,0.1786,0.1567,0.0841,0.13040000200271606,0.1716,0.1859,0.166,0.1676,0.1047,0.1596,0.1782,-0.1559870475239035,0,0,0,0.0,0,0.242128121606949,0.1364238335233965,0.10931519261500965,,,0,0.0005,0.0086,0.0132,0.0176,0.1653
19.9741234,99.6569426,2025-05-13,314.0,0.0242,0.0473,0.0465,0.0339,0.0485,0.058400001376867294,0.0616,0.0616,0.0588,0.0643,0.0452,0.0569,0.0491,0.11344138437248391,0,0,0,0.0,0,0.15355805243445697,0.02666665488680219,0.12741313901000303,,,0,0.0008,0.0049,0.0061,0.0064,0.3254
19.9741234,99.6569426,2025-05-27,779.0,0.0231,0.0922,0.0978,0.0647,0.1066,0.1467999964952469,0.2004,0.2113,0.1843,0.2005,0.1586,0.1649,0.2103,0.20032705313713717,0,0,0,0.0,0,0.11643454038997215,0.15437789183700892,-0.03863786391672979,,,0,0.0005,0.0106,0.0151,0.0206,0.438
19.9741234,99.6569426,2025-06-09,2518.0,0.0298,0.0955,0.1145,0.0922,0.082,0.12460000067949295,0.1694,0.1835,0.142,0.1418,0.0904,0.1359,0.1851,0.04224174257963187,0,0,0,0.0,0,0.3040800615858353,0.15238094971756894,0.15906977009956358,,,0,0.0005,0.0082,0.0127,0.0173,0.4928
19.9741234,99.6569426,2025-06-23,482.0,0.027,0.5381,0.5425,0.4928,0.5112,0.4779999852180481,0.4552,0.5054,0.5466,0.5787,0.5524,0.5935,0.981,-0.06320432701247938,0,0,0,0.01,0,-0.09646685192536722,-0.024432046270040114,-0.07220498432577883,,,0,0.0009,0.0255,0.0255,0.0255,0.4823
19.9741234,99.6569426,2025-07-01,475.0,0.0175,0.1064,0.087,0.0597,0.1194,0.15559999644756317,0.1924,0.2151,0.1803,0.2036,0.1626,0.1784,0.2166,0.28276998125344466,0,0,0,0.0,0,0.08394366197183097,0.10574713772441621,-0.021998754338736673,,,0,0.0003,0.0122,0.0159,0.0196,0.4609
19.9741234,99.6569426,2025-07-21,405.0,0.0175,0.1064,0.087,0.0597,0.1194,0.15559999644756317,0.1924,0.2151,0.1803,0.2036,0.1626,0.1784,0.2166,0.28276998125344466,0,0,0,0.0,0,0.08394366197183097,0.10574713772441621,-0.021998754338736673,,,0,0.0003,0.0122,0.0159,0.0196,0.4609
19.9741234,99.6569426,2025-08-18,201.0,0.0292,0.0827,0.0568,0.0374,0.1076,0.1436000019311905,0.1936,0.1949,0.141,0.1528,0.1318,0.129,0.1629,0.4331337379976383,0,0,0,0.0,0,0.18992009834050397,0.14827994597405897,0.04284677504882064,,,0,0.0005,0.0109,0.0146,0.0197,0.3884
19.9741234,99.6569426,2025-09-01,258.0,0.0292,0.0827,0.0568,0.0374,0.1076,0.1436000019311905,0.1936,0.1949,0.141,0.1528,0.1318,0.129,0.1629,0.4331337379976383,0,0,0,0.0,0,0.18992009834050397,0.14827994597405897,0.04284677504882064,,,0,0.0005,0.0109,0.0146,0.0197,0.3884
19.9741234,99.6569426,2025-09-22,246.0,0.0197,0.0816,0.0469,0.0357,0.0907,0.1273999959230423,0.1674,0.1724,0.1119,0.1164,0.092,0.0885,0.1359,0.4618473769705939,0,0,0,0.0,0,0.29067077872012337,0.13568522601811608,0.16134911841775676,,,0,0.0005,0.0093,0.013,0.0171,0.4469
19.9583819,99.699078,2025-04-01,160.0,0.0756,0.062,0.0945,0.0892,0.082,0.10660000145435333,0.1362,0.16,0.1228,0.118,0.0956,0.1115,0.1596,0.06016907691121946,0,0,0,0.0,0,0.175150992234685,0.12191103117110767,0.05440158939284963,,,0,0.0005,0.0084,0.0109,0.014,0.1325
19.9583819,99.699078,2025-05-13,404.0,0.0242,0.1003,0.1257,0.1056,0.109,0.14059999585151672,0.1644,0.1972,0.1589,0.1687,0.1372,0.1571,0.227,0.05595191920252466,0,0,0,0.0,0,0.09018567639257295,0.07803280154820014,0.01223900612775395,,,0,0.0005,0.011,0.0142,0.0166,0.3118
19.9583819,99.699078,2025-05-27,891.0,0.0231,0.108,0.1147,0.1007,0.118,0.14499999582767487,0.1766,0.2098,0.185,0.1938,0.1479,0.1741,0.2455,0.11667307013659164,0,0,0,0.0,0,0.08844375963020032,0.09825872071608356,-0.009901004484927783,,,0,0.0005,0.0121,0.0148,0.018,0.4466
19.9583819,99.699078,2025-06-09,2209.0,0.0298,0.0843,0.1054,0.0928,0.1014,0.12039999663829803,0.1544,0.1741,0.1367,0.1338,0.1015,0.1207,0.2043,0.06643045554303559,0,0,0,0.0,0,0.20672137553731926,0.12372636018061545,0.0851734877180077,,,0,0.0005,0.01,0.0124,0.0159,0.4227
19.9583819,99.699078,2025-06-23,521.0,0.027,0.0965,0.1079,0.093,0.1168,0.1428000032901764,0.183,0.2255,0.2144,0.238,0.189,0.2393,0.3138,0.13921022270502675,0,0,0,0.0,0,-0.01612903225806453,0.12338857060728498,-0.13924049503224178,,,0,0.0005,0.0119,0.0146,0.0186,0.5371
19.9583819,99.699078,2025-08-18,219.0,0.0293,0.1639,0.1977,0.1346,0.2428,0.21539999544620514,0.2008,0.219,0.2314,0.2441,0.3144,0.234,0.3135,0.04284675778581578,0,0,0,0.0036,0,-0.22049689440993792,-0.035079278245912955,-0.18686297735887228,,,0,0.0008,0.0248,0.0219,0.0205,0.4236
19.9583819,99.699078,2025-09-01,265.0,0.0293,0.1639,0.1977,0.1346,0.2428,0.21539999544620514,0.2008,0.219,0.2314,0.2441,0.3144,0.234,0.3135,0.04284675778581578,0,0,0,0.0036,0,-0.22049689440993792,-0.035079278245912955,-0.18686297735887228,,,0,0.0008,0.0248,0.0219,0.0205,0.4236
19.9583819,99.699078,2025-09-22,273.0,0.0197,0.0751,0.0869,0.0761,0.0916,0.11640000343322754,0.142,0.1689,0.1287,0.1408,0.0961,0.1217,0.1765,0.14510576947883133,0,0,0,0.0,0,0.1927761444771104,0.09907119282754837,0.09552942637766247,,,0,0.0005,0.0094,0.0119,0.0145,0.3613
19.9583819,99.699078,2025-11-04,199.0,0.0079,0.0495,0.0791,0.0693,0.0714,0.1006999984383583,0.1246,0.1353,0.1083,0.1135,0.0952,0.103,0.1419,0.12013347400424775,0,0,0,0.0,0,0.13375796178343946,0.10608078884732304,0.028075541001542803,,,0,0.0005,0.0072,0.0103,0.0128,0.1571
19.9583819,99.699078,2025-12-09,85.7,0.0091,0.0501,0.08,0.0651,0.0831,0.11299999803304672,0.1338,0.1359,0.0996,0.1006,0.0994,0.0996,0.139,0.17098444750966393,0,0,0,0.0,0,0.14751286449399656,0.08427877687490153,0.06403012315909125,,,0,0.0005,0.0086,0.0114,0.0136,0.0435
19.9476028,99.730304,2025-03-01,115.0,0.0561,0.0242,0.0212,0.0162,0.0645,0.11460000276565552,0.1506,0.1475,0.0822,0.0901,0.0623,0.0454,0.2178,0.6877761477430311,0,0,0,0.0,0,0.4147487083137624,0.13574659449063414,0.2956472693498983,,,0,0.0005,0.0068,0.0118,0.0155,0.1399
19.9476028,99.730304,2025-04-01,159.0,0.074,0.0408,0.0151,0.0166,0.0833,0.14000000059604645,0.1712,0.1617,0.0853,0.0787,0.0608,0.045,0.2198,0.8052869124181692,0,0,0,0.0,0,0.47586206896551725,0.10025706730139998,0.394422312554544,,,0,0.0005,0.0086,0.0144,0.0174,0.109
19.9476028,99.730304,2025-05-13,376.0,0.0242,0.0742,0.0533,0.039,0.0996,0.14499999582767487,0.187,0.1896,0.1438,0.1554,0.1216,0.1112,0.2961,0.4624306493045178,0,0,0,0.0,0,0.21192482177576152,0.1265060382534622,0.0877719287092569,,,0,0.0005,0.0103,0.0148,0.0191,0.2903
19.9476028,99.730304,2025-05-27,757.0,0.0231,0.0802,0.0664,0.0502,0.134,0.1738000065088272,0.226,0.2403,0.2029,0.2157,0.188,0.1891,0.3297,0.4471274088199507,0,0,0,0.0,0,0.09178743961352658,0.13056526423548287,-0.039248184731103204,,,0,0.0005,0.0135,0.0177,0.0231,0.459
19.9476028,99.730304,2025-06-09,2582.0,0.0293,0.042,0.0337,0.0235,0.0805,0.12039999663829803,0.1602,0.1498,0.0944,0.1065,0.0853,0.0661,0.1425,0.5626216646960699,0,0,0,0.0,0,0.30509164969450103,0.14183893028696432,0.17063683622716685,,,0,0.0005,0.0082,0.0123,0.0163,0.4336
19.9476028,99.730304,2025-06-23,552.0,0.027,0.0787,0.0563,0.0422,0.1302,0.17479999363422394,0.2388,0.2614,0.2484,0.2682,0.2464,0.261,0.3932,0.5127650233594602,0,0,0,0.0,0,-0.015663643858202795,0.15473889591588305,-0.1699905210064047,,,0,0.0005,0.0133,0.0178,0.0243,0.583
19.9476028,99.730304,2025-07-01,502.0,0.0181,0.267,0.255,0.2285,0.182,0.19619999825954437,0.1964,0.2426,0.3263,0.3608,0.2878,0.3825,0.5452,-0.13031915329625518,0,0,0,0.004,0,-0.1887649731515903,0.0005094287858946941,-0.18925620262365217,,,0,0.0008,0.0185,0.02,0.02,0.4609
19.9476028,99.730304,2025-07-21,417.0,0.0181,0.267,0.255,0.2285,0.182,0.19619999825954437,0.1964,0.2426,0.3263,0.3608,0.2878,0.3825,0.5452,-0.13031915329625518,0,0,0,0.004,0,-0.1887649731515903,0.0005094287858946941,-0.18925620262365217,,,0,0.0008,0.0185,0.02,0.02,0.4609
19.9476028,99.730304,2025-08-18,210.0,0.0293,0.2944,0.3446,0.2765,0.239,0.266400009393692,0.2592,0.3066,0.4058,0.4539,0.4108,0.4842,0.5771,-0.1279868893683119,0,0,0,0.0055,0,-0.22626865671641797,-0.013698647764480884,-0.21323093414542565,,,0,0.0008,0.0243,0.0255,0.0255,0.4236
19.9476028,99.730304,2025-09-01,235.0,0.0293,0.2944,0.3446,0.2765,0.239,0.266400009393692,0.2592,0.3066,0.4058,0.4539,0.4108,0.4842,0.5771,-0.1279868893683119,0,0,0,0.0055,0,-0.22626865671641797,-0.013698647764480884,-0.21323093414542565,,,0,0.0008,0.0243,0.0255,0.0255,0.4236
19.9476028,99.730304,2025-09-22,209.0,0.0203,0.0466,0.022,0.0187,0.0756,0.1151999980211258,0.1542,0.1665,0.1069,0.1164,0.0921,0.0871,0.2749,0.6793002869196474,0,0,0,0.0,0,0.25213154689403167,0.14476615540218346,0.11143269774065162,,,0,0.0006,0.0079,0.0118,0.0156,0.433
19.9122599,99.781737,2025-03-01,127.0,0.0579,0.0542,0.1693,0.1608,0.0948,0.12039999663829803,0.1432,0.1639,0.143,0.15,0.1452,0.144,0.1387,-0.16879531905123069,0,0,0,0.0,0,-0.006934812760055485,0.08649470277872295,-0.09337350781474348,,,0,0.0005,0.0097,0.0125,0.0148,0.2268
19.9122599,99.781737,2025-04-01,168.0,0.0751,0.0645,0.1601,0.1503,0.1052,0.1412000060081482,0.1578,0.1722,0.146,0.1404,0.1478,0.1356,0.1454,-0.06272815670418765,0,0,0,0.0,0,0.03272251308900526,0.05551837343909427,-0.022837348977998675,,,0,0.0005,0.0106,0.0144,0.0163,0.1629
19.9122599,99.781737,2025-05-13,162.0,0.0243,0.1054,0.1831,0.167,0.1356,0.15039999783039093,0.171,0.1884,0.1787,0.1816,0.1756,0.1744,0.1745,-0.09805098165619604,0,0,0,0.0,0,-0.013271783035199056,0.06409459336860389,-0.07730062066662946,,,0,0.0005,0.0137,0.0153,0.0174,0.3979
19.9122599,99.781737,2025-05-27,689.0,0.0231,0.1036,0.1638,0.1505,0.1574,0.1907999962568283,0.21,0.2132,0.1936,0.1977,0.1952,0.192,0.1776,0.07614212222741495,0,0,0,0.0,0,0.03652517275419541,0.04790420140340653,-0.011398973538445645,,,0,0.0005,0.0158,0.0195,0.0215,0.5087
19.9122599,99.781737,2025-06-09,1215.0,0.0299,0.0963,0.1746,0.1565,0.162,0.18960000574588776,0.2002,0.2078,0.1816,0.1854,0.1811,0.1755,0.1562,0.041186176576706764,0,0,0,0.0,0,0.050091791240493,0.027193417388050048,0.022929607807220913,,,0,0.0005,0.0164,0.0193,0.0204,0.5242
19.9122599,99.781737,2025-07-01,480.0,0.0187,0.1539,0.1805,0.1583,0.246,0.2630000114440918,0.2834,0.2733,0.2465,0.2465,0.2724,0.244,0.2103,0.18602031412685063,0,0,0,0.0,0,0.01979129183159412,0.03733526377862372,-0.0175569450037073,,,0,0.0005,0.025,0.0255,0.0255,0.5283
19.9122599,99.781737,2025-07-21,469.0,0.0187,0.1539,0.1805,0.1583,0.246,0.2630000114440918,0.2834,0.2733,0.2465,0.2465,0.2724,0.244,0.2103,0.18602031412685063,0,0,0,0.0,0,0.01979129183159412,0.03733526377862372,-0.0175569450037073,,,0,0.0005,0.025,0.0255,0.0255,0.5283
19.9122599,99.781737,2025-09-22,309.0,0.0203,0.5362,0.5761,0.4899,0.6112,0.5699999928474426,0.5428,0.5752,0.5771,0.5779,0.5553,0.5869,0.5802,-0.005322403970531471,0,0,0,0.01,0,-0.011383298424551557,-0.02444284060232881,0.013063176878057171,,,0,0.0009,0.0255,0.0255,0.0255,0.433
19.9122599,99.781737,2025-11-04,202.0,0.0079,0.0651,0.1459,0.1361,0.1218,0.1436000019311905,0.1616,0.1717,0.1423,0.1494,0.1636,0.1432,0.1033,-0.007944725573287504,0,0,0,0.0,0,-0.006150061500615012,0.05897771282736667,-0.0651041599709667,,,0,0.0005,0.0125,0.0146,0.0163,0.2389
19.9122599,99.781737,2025-12-09,104.0,0.0091,0.0639,0.1516,0.1489,0.1218,0.1550000011920929,0.1758,0.1696,0.1439,0.151,0.1837,0.1445,0.1104,0.01108937109873882,0,0,0,0.0,0,-0.021974965229485367,0.06287786799561927,-0.08473575053703639,,,0,0.0005,0.0122,0.0158,0.0178,0.1129
19.922619,99.8185201,2025-03-01,106.0,0.0579,0.0446,0.0148,0.0102,0.067,0.11320000141859055,0.145,0.1407,0.0724,0.081,0.063,0.0412,0.0756,0.7687500025628832,0,0,0,0.0,0,0.3942307692307692,0.12316033465025313,0.2849035244859767,,,0,0.0006,0.0068,0.0116,0.0149,0.1658
19.922619,99.8185201,2025-04-01,159.0,0.0757,0.0649,0.0164,0.0167,0.0758,0.14100000262260437,0.1698,0.1585,0.081,0.0794,0.0541,0.0411,0.0945,0.7916137264708688,0,0,0,0.0,0,0.5167485484591335,0.09266408344393309,0.44541261637346635,,,0,0.0006,0.0079,0.0142,0.0171,0.1481
19.922619,99.8185201,2025-05-13,154.0,0.0238,0.0901,0.066,0.0471,0.1038,0.15119999647140503,0.1874,0.1865,0.1354,0.1437,0.1274,0.1079,0.1456,0.3922651834970073,0,0,0,0.0,0,0.19059720457433288,0.10691082074967503,0.0854271240949129,,,0,0.0006,0.0107,0.0154,0.0191,0.3254
19.922619,99.8185201,2025-05-27,1034.0,0.0226,0.1519,0.3465,0.2314,0.2146,0.24379999935626984,0.248,0.298,0.3643,0.3969,0.3673,0.4195,0.2776,-0.1739793338230152,0,0,0,0.0,0,-0.19388915975946697,0.008540058253817923,-0.20209458480416392,,,0,0.0006,0.0219,0.0247,0.0251,0.4104
19.922619,99.8185201,2025-06-09,1595.0,0.0293,0.068,0.0264,0.0215,0.064,0.10679999738931656,0.1528,0.1573,0.1019,0.1167,0.0888,0.0818,0.1348,0.6036035958343428,0,0,0,0.0,0,0.2649006622516556,0.17719569750880318,0.09202452775850443,,,0,0.0006,0.0067,0.011,0.0156,0.4788
19.922619,99.8185201,2025-06-23,876.0,0.0271,0.1777,0.3107,0.2456,0.2566,0.27639999985694885,0.2836,0.2944,0.3515,0.3968,0.3808,0.4075,0.2926,-0.05842275617681582,0,0,0,0.0,0,-0.14629741119807343,0.012857143115875705,-0.1588557519260129,,,0,0.0006,0.0255,0.0255,0.0255,0.4823
19.922619,99.8185201,2025-09-22,145.0,0.0203,0.1094,0.0673,0.043,0.1028,0.1298000067472458,0.1584,0.1632,0.138,0.1434,0.1532,0.123,0.1396,0.31709794321515994,0,0,0,0.0,0,0.016688061617458314,0.09923661548639968,-0.08268548655425764,,,0,0.0006,0.0105,0.0132,0.0161,0.433
19.9247359,99.8624651,2025-04-01,106.0,0.0763,0.0741,0.1267,0.1281,0.111,0.16419999301433563,0.1936,0.1969,0.143,0.1389,0.1439,0.104,0.1518,0.128910257527877,0,0,0,0.0,0,0.14725925925925923,0.08216883051891626,0.06588767761961971,,,0,0.0005,0.0111,0.0167,0.0196,0.1533
19.9247359,99.8624651,2025-05-13,201.0,0.0243,0.1083,0.1543,0.1373,0.1334,0.16359999775886536,0.1932,0.1984,0.1609,0.1649,0.1677,0.1509,0.2191,0.029254475698108157,0,0,0,0.0,0,0.07065669160432259,0.08295964805789909,-0.012375497340385717,,,0,0.0005,0.0135,0.0167,0.0198,0.3991
19.9247359,99.8624651,2025-06-09,669.0,0.0304,0.0996,0.1475,0.1433,0.143,0.22380000352859497,0.2548,0.2416,0.1905,0.1906,0.2042,0.1623,0.2306,0.20549421708453844,0,0,0,0.0,0,0.11023965141612208,0.06477224455254918,0.0457944003901988,,,0,0.0005,0.0148,0.0228,0.0255,0.4918
19.9247359,99.8624651,2025-09-22,274.0,0.0203,0.165,0.2123,0.1678,0.1508,0.18479999899864197,0.1876,0.2209,0.2114,0.225,0.2017,0.2322,0.2432,-0.06925208025863548,0,0,0,0.0036,0,-0.03621885435396867,0.007518799701630053,-0.043725746559231955,,,0,0.0008,0.0153,0.0188,0.0191,0.433
19.9247359,99.8624651,2025-11-04,191.0,0.0079,0.0613,0.1257,0.1102,0.0962,0.14820000529289246,0.1802,0.1567,0.1379,0.1367,0.1829,0.1222,0.1238,0.08214678663051603,0,0,0,0.0,0,-0.007435968052878017,0.09744212603945447,-0.1048021569084899,,,0,0.0005,0.0101,0.0152,0.0185,0.1671
19.9247359,99.8624651,2025-12-09,97.4,0.0091,0.061,0.1,0.109,0.123,0.1444000005722046,0.1622,0.1629,0.1252,0.1329,0.1548,0.1155,0.1369,0.18166939635127874,0,0,0,0.0,0,0.023343848580441695,0.05805609717734982,-0.03475935630984606,,,0,0.0005,0.0125,0.0147,0.0165,0.0662
19.925784,99.8970083,2025-05-13,131.0,0.0244,0.0962,0.088,0.0676,0.107,0.149399995803833,0.175,0.1743,0.1272,0.1266,0.134,0.1099,0.1193,0.25863520172329196,0,0,0,0.0,0,0.13268608414239477,0.0789149338079754,0.0543401412556574,,,0,0.0006,0.0106,0.0151,0.0178,0.3254
19.925784,99.8970083,2025-06-09,227.0,0.0299,0.0609,0.0565,0.0449,0.0686,0.10700000077486038,0.1278,0.1245,0.0763,0.0784,0.0859,0.0671,0.1204,0.30886850480446737,0,0,0,0.0,0,0.19606925596630786,0.08858602707196683,0.10938310362936103,,,0,0.0006,0.0068,0.0109,0.0131,0.4788
19.925784,99.8970083,2025-08-04,740.0,0.0119,0.1527,0.1306,0.1185,0.1084,0.1340000033378601,0.1554,0.183,0.2258,0.262,0.1938,0.2711,0.4107,0.012849596730801048,0,0,0,0.0027,0,-0.10996563573883159,0.07394608298313139,-0.1824282979048803,,,0,0.0008,0.0111,0.0137,0.0158,0.3586
19.925784,99.8970083,2025-11-04,271.0,0.0079,0.0568,0.0639,0.055,0.0836,0.12219999730587006,0.1536,0.1366,0.0912,0.0981,0.1242,0.081,0.0767,0.3132724242335662,0,0,0,0.0,0,0.10583153347732176,0.11385062726924698,-0.008116894139601932,,,0,0.0006,0.0082,0.0125,0.016,0.1671
19.925784,99.8970083,2025-12-09,61.4,0.0091,0.0546,0.0761,0.0714,0.1016,0.14380000531673431,0.165,0.1456,0.1055,0.1048,0.1397,0.0838,0.0864,0.3078672291036201,0,0,0,0.0,0,0.08303249097472931,0.06865283134150527,0.014462099611439795,,,0,0.0006,0.0106,0.0147,0.0167,0.0662
19.96052,99.94629,2025-05-13,354.0,0.0251,0.1553,0.109,0.0936,0.131,0.18440000712871552,0.2176,0.2205,0.1651,0.1751,0.1411,0.1474,0.2435,0.2569870664510151,0,0,0,0.005,0,0.21327014218009474,0.08258704547896746,0.13302613265870986,,,0,0.0008,0.0133,0.0188,0.0223,0.3254
19.96052,99.94629,2025-06-09,242.0,0.0305,0.0983,0.0941,0.0673,0.134,0.188400000333786,0.2196,0.2165,0.1542,0.1628,0.1513,0.1283,0.1836,0.3338053105216512,0,0,0,0.0,0,0.184146670261526,0.0764705873546303,0.10921401323912838,,,0,0.0006,0.0139,0.0192,0.0224,0.4788
19.96052,99.94629,2025-06-23,1131.0,0.0272,0.2429,0.3051,0.2366,0.2558,0.2702000141143799,0.274,0.3105,0.3638,0.406,0.3772,0.4018,0.313,-0.06066397536830473,0,0,0,0.0,0,-0.1584766584766584,0.006982700821506149,-0.1652764651727607,,,0,0.0006,0.0255,0.0255,0.0255,0.4823
19.96052,99.94629,2025-09-22,242.0,0.0204,0.0692,0.0233,0.0236,0.0592,0.08209999650716782,0.1002,0.1043,0.0711,0.0757,0.0593,0.0544,0.0628,0.5578747481568377,0,0,0,0.0,0,0.2564263322884012,0.09928691080430443,0.16124467517940885,,,0,0.0006,0.0062,0.0084,0.0103,0.433
19.96052,99.94629,2025-11-04,297.0,0.008,0.0486,0.0212,0.0132,0.0506,0.09260000288486481,0.1194,0.1175,0.077,0.0832,0.0746,0.0547,0.111,0.6274165296560013,0,0,0,0.0,0,0.23092783505154643,0.126415079011532,0.10765551778883489,,,0,0.0006,0.0051,0.0097,0.0123,0.1671
19.96052,99.94629,2025-12-09,67.4,0.0091,0.0508,0.0224,0.0201,0.064,0.1014999970793724,0.125,0.1218,0.0748,0.0758,0.0716,0.0493,0.1211,0.6384180705726702,0,0,0,0.0,0,0.271617497456765,0.10375277361435235,0.17273251059422154,,,0,0.0006,0.0064,0.0104,0.0129,0.0662
20.0336883,99.9637903,2025-04-01,86.5,0.0771,0.0627,0.2311,0.1861,0.0891,0.11659999936819077,0.1356,0.165,0.2042,0.2201,0.221,0.2294,0.2245,-0.32930687615722853,0,0,0,0.0,0,-0.23948401570386987,0.07533703679384564,-0.3092417086113478,,,0,0.0005,0.0089,0.0117,0.0137,0.208
20.0336883,99.9637903,2025-05-13,418.0,0.0255,0.0941,0.2779,0.2144,0.1104,0.13899999856948853,0.1424,0.1898,0.2583,0.2727,0.2553,0.2947,0.25,-0.3331734274577114,0,0,0,0.0,0,-0.2838823233593161,0.012082450063239365,-0.29495308610815435,,,0,0.0005,0.0113,0.0141,0.0146,0.4813
20.0336883,99.9637903,2025-06-09,224.0,0.0311,0.0927,0.2487,0.1959,0.1236,0.15139999985694885,0.153,0.192,0.2563,0.2714,0.2465,0.2912,0.2506,-0.24318920314381315,0,0,0,0.0,0,-0.2340425531914894,0.005256242259536977,-0.23900477551455404,,,0,0.0005,0.0127,0.0154,0.0155,0.6047
20.0336883,99.9637903,2025-08-18,315.0,0.0294,0.0605,0.1338,0.1036,0.0922,0.09830000251531601,0.1066,0.1118,0.1053,0.1152,0.1012,0.1186,0.0939,-0.15295130159398163,0,0,0,0.0,0,0.025986525505293564,0.040507551892604673,-0.014536328060754536,,,0,0.0003,0.009,0.01,0.0109,0.4236
20.0336883,99.9637903,2025-09-01,283.0,0.021,0.0911,0.2449,0.1997,0.151,0.16220000386238098,0.1638,0.1858,0.2107,0.2114,0.1995,0.2392,0.1416,-0.20314417920166744,0,0,0,0.0,0,-0.09826589595375725,0.004907963554179738,-0.10312412424471765,,,0,0.0005,0.0154,0.0165,0.0166,0.4608
20.0336883,99.9637903,2025-09-22,245.0,0.0147,0.15,0.2698,0.2029,0.1832,0.18639999628067017,0.1874,0.2214,0.2838,0.307,0.2998,0.3218,0.253,-0.18281456466303703,0,0,0,0.0034,0,-0.23070607553366174,0.0026752373710003615,-0.23323736031842146,,,0,0.0008,0.0187,0.019,0.0191,0.4356
20.12786,100.031,2025-04-01,85.6,0.0755,0.0567,0.2854,0.1946,0.071,0.10859999805688858,0.1146,0.1801,0.251,0.269,0.2947,0.29,0.2901,-0.4487309716117911,0,0,0,0.0,0,-0.4400195455655999,0.026881729369827998,-0.4614431015118938,,,0,0.0005,0.0074,0.0111,0.0116,0.1868
20.12786,100.031,2025-05-27,654.0,0.0232,0.0659,0.256,0.1576,0.0863,0.11079999804496765,0.0932,0.1694,0.3393,0.3787,0.3848,0.401,0.3697,-0.3958560597844704,0,0,0,0.0,0,-0.610041841004184,-0.08627450104724062,-0.5528652200078727,,,0,0.0004,0.0087,0.0113,0.0095,0.4918
20.12786,100.031,2025-06-09,309.0,0.0294,0.0578,0.2631,0.1551,0.078,0.12780000269412994,0.0982,0.1918,0.3191,0.3544,0.3927,0.3997,0.3506,-0.346124319195104,0,0,0,0.0,0,-0.5999185170095742,-0.13097346168703727,-0.5089337097689461,,,0,0.0004,0.0082,0.013,0.01,0.5226
20.12786,100.031,2025-06-23,1212.0,0.0284,0.0812,0.2594,0.1538,0.1114,0.1477999985218048,0.1118,0.1844,0.3643,0.4506,0.4728,0.4714,0.4401,-0.27406680226748387,0,0,0,0.0003,0,-0.6175162504276428,-0.13867487953310229,-0.5236867583827045,,,0,0.0004,0.0114,0.0151,0.0114,0.6022
20.12786,100.031,2025-07-01,392.0,0.0215,0.1423,0.2167,0.1287,0.1322,0.1451999992132187,0.1302,0.1831,0.315,0.352,0.3588,0.3782,0.3289,-0.19756839166129989,0,0,0,0.0012,0,-0.46748466257668714,-0.05446622823555443,-0.4238095260321959,,,0,0.0007,0.0135,0.0148,0.0133,0.4609
20.12786,100.031,2025-07-21,335.0,0.0215,0.1423,0.2167,0.1287,0.1322,0.1451999992132187,0.1302,0.1831,0.315,0.352,0.3588,0.3782,0.3289,-0.19756839166129989,0,0,0,0.0012,0,-0.46748466257668714,-0.05446622823555443,-0.4238095260321959,,,0,0.0007,0.0135,0.0148,0.0133,0.4609
20.12786,100.031,2025-08-18,322.0,0.0294,0.1004,0.2762,0.1785,0.1288,0.1599999964237213,0.1402,0.2073,0.366,0.4233,0.4288,0.4517,0.4237,-0.26639157388576157,0,0,0,0.0002,0,-0.5072056239015819,-0.06595601818653705,-0.456521747977119,,,0,0.0004,0.0131,0.0163,0.0143,0.562
20.12786,100.031,2025-09-01,264.0,0.0204,0.0769,0.2787,0.1515,0.0929,0.133200004696846,0.1064,0.1884,0.3851,0.4926,0.462,0.5198,0.4674,-0.3532410625006922,0,0,0,0.0,0,-0.625615763546798,-0.11185310589102337,-0.5524193425882484,,,0,0.0004,0.0094,0.0136,0.011,0.5559
20.12786,100.031,2025-11-04,238.0,0.0063,0.044,0.2199,0.1346,0.0566,0.094200000166893,0.0846,0.1237,0.2471,0.299,0.3249,0.31,0.3007,-0.40019102122355277,0,0,0,0.0,0,-0.5868131868131868,-0.05369127605107557,-0.5504652821313247,,,0,0.0004,0.0056,0.0097,0.0086,0.2529
20.12786,100.031,2025-12-09,106.0,0.0091,0.0393,0.2083,0.1334,0.0566,0.09239999949932098,0.0904,0.1159,0.2461,0.3169,0.3388,0.3126,0.3139,-0.38543398966962994,0,0,0,0.0,0,-0.5787511649580616,-0.010940916328221428,-0.5714285732532034,,,0,0.0004,0.006,0.0093,0.0091,0.1161
20.177379,100.069326,2025-06-23,1549.0,0.0289,0.1167,0.0778,0.066,0.1194,0.16699999570846558,0.2144,0.2245,0.1813,0.191,0.1656,0.1544,0.1773,0.36437907382439105,0,0,0,0.0,0,0.12842105263157896,0.12427898485810689,0.004209247524142242,,,0,0.0005,0.0122,0.017,0.0218,0.5665
20.177379,100.069326,2025-07-01,429.0,0.0227,0.1714,0.2063,0.1646,0.1648,0.1720000058412552,0.1812,0.2172,0.2802,0.3165,0.292,0.3342,0.3994,-0.09066876454963106,0,0,0,0.0037,0,-0.23415046491969568,0.02604754815004087,-0.2586206738105074,,,0,0.0008,0.0168,0.0175,0.0185,0.4834
20.177379,100.069326,2025-07-21,332.0,0.0227,0.1714,0.2063,0.1646,0.1648,0.1720000058412552,0.1812,0.2172,0.2802,0.3165,0.292,0.3342,0.3994,-0.09066876454963106,0,0,0,0.0037,0,-0.23415046491969568,0.02604754815004087,-0.2586206738105074,,,0,0.0008,0.0168,0.0175,0.0185,0.4834
20.177379,100.069326,2025-09-22,280.0,0.0142,0.1136,0.0712,0.0437,0.0852,0.1257999986410141,0.1666,0.1859,0.1502,0.1672,0.1289,0.1279,0.1545,0.27715735541962966,0,0,0,0.0,0,0.12758037225042307,0.1395348890171404,-0.012171187183063837,,,0,0.0005,0.0089,0.0127,0.0169,0.5307
20.2271399,100.1291002,2025-04-01,92.3,0.0678,0.0748,0.2782,0.2232,0.1124,0.1509999930858612,0.1816,0.1884,0.2355,0.256,0.2834,0.2713,0.2771,-0.2963653517317101,0,0,0,0.0,0,-0.21892473118279565,0.09200242799235227,-0.30478823439568814,,,0,0.0005,0.0115,0.0154,0.0185,0.1781
20.2271399,100.1291002,2025-05-13,140.0,0.0153,0.0849,0.3019,0.2433,0.154,0.1817999929189682,0.204,0.2034,0.2582,0.2856,0.295,0.3039,0.3233,-0.24829441562789425,0,0,0,0.0,0,-0.18236472945891782,0.05754278768401788,-0.23741612575961182,,,0,0.0005,0.0157,0.0184,0.0208,0.4454
20.2271399,100.1291002,2025-05-27,745.0,0.0261,0.0826,0.3045,0.238,0.1968,0.24699999392032623,0.2646,0.2481,0.2876,0.3117,0.3329,0.327,0.2948,-0.10426111824759265,0,0,0,0.0,0,-0.1143096234309623,0.03440188875845589,-0.14812899979349842,,,0,0.0005,0.0198,0.0252,0.0255,0.5486
20.2271399,100.1291002,2025-06-09,243.0,0.0261,0.0826,0.3045,0.238,0.1968,0.24699999392032623,0.2646,0.2481,0.2876,0.3117,0.3329,0.327,0.2948,-0.10426111824759265,0,0,0,0.0,0,-0.1143096234309623,0.03440188875845589,-0.14812899979349842,,,0,0.0005,0.0198,0.0252,0.0255,0.5486
20.2271399,100.1291002,2025-06-23,730.0,0.0289,0.1038,0.3295,0.246,0.2204,0.28360000252723694,0.2968,0.2522,0.3046,0.3436,0.364,0.3754,0.3783,-0.0748654335076829,0,0,0,0.0,0,-0.10169491525423725,0.02274293145293986,-0.12415070592804942,,,0,0.0005,0.0224,0.0255,0.0255,0.5514
20.2271399,100.1291002,2025-09-01,270.0,0.0204,0.1346,0.2224,0.1537,0.1316,0.16859999299049377,0.1608,0.1799,0.2556,0.2602,0.2675,0.3066,0.326,-0.13759592832221415,0,0,0,0.0001,0,-0.24912444548213872,-0.02367939634631042,-0.22678286768892952,,,0,0.0007,0.0134,0.0172,0.0164,0.4599
20.2271399,100.1291002,2025-09-22,140.0,0.0142,0.0944,0.2826,0.1988,0.162,0.18299999833106995,0.198,0.2049,0.2699,0.2913,0.3217,0.322,0.3367,-0.21391753012444903,0,0,0,0.0,0,-0.2380219357321531,0.03937008329300781,-0.27481672702116094,,,0,0.0005,0.0165,0.0186,0.0202,0.5178
20.2271399,100.1291002,2025-11-04,282.0,0.0063,0.0631,0.2472,0.1959,0.1308,0.149399995803833,0.1682,0.1689,0.2291,0.2443,0.294,0.2726,0.295,-0.24659607975523282,0,0,0,0.0,0,-0.2721765469493726,0.059193968654139666,-0.32611638602752774,,,0,0.0005,0.0133,0.0153,0.0172,0.2374
20.2271399,100.1291002,2025-12-09,109.0,0.0074,0.0581,0.2282,0.1821,0.1082,0.1340000033378601,0.1556,0.1505,0.2298,0.2329,0.2952,0.2571,0.2934,-0.2600772937438936,0,0,0,0.0,0,-0.30967169476486256,0.07458562297369996,-0.37558246833294073,,,0,0.0005,0.011,0.0137,0.0159,0.0935
19.8804804,99.8305029,2025-05-13,78.8,0.0237,0.1094,0.2745,0.2535,0.1326,0.1509999930858612,0.1612,0.2051,0.2375,0.2098,0.175,0.2372,0.2935,-0.2902467894734322,0,0,0,0.0,0,-0.04104699583581196,0.03267138737999139,-0.07361965467225551,,,0,0.0005,0.0137,0.0154,0.0165,0.4042
19.8804804,99.8305029,2025-09-01,15.4,0.0254,0.3053,0.3899,0.3014,0.2248,0.24639999866485596,0.2542,0.3143,0.3997,0.435,0.3684,0.4646,0.5074,-0.22552255482673134,0,0,0,0.0016,0,-0.18342434950208805,0.01558130514571976,-0.19843851919337677,,,0,0.0007,0.023,0.0251,0.0255,0.4468
19.8804804,99.8305029,2025-09-22,31.8,0.0209,0.135,0.271,0.256,0.1772,0.19760000705718994,0.2016,0.2089,0.2311,0.2524,0.2024,0.2631,0.3378,-0.15663677302047507,0,0,0,0.0,0,-0.001980198019801968,0.010020022224691533,-0.011999982145309753,,,0,0.0005,0.0181,0.0202,0.0206,0.448
19.8804804,99.8305029,2025-11-04,399.0,0.0079,0.0903,0.2142,0.1813,0.134,0.15199999511241913,0.1628,0.1584,0.1772,0.1869,0.1804,0.2059,0.2473,-0.16985255520958212,0,0,0,0.0,0,-0.051282051282051294,0.034307512882025465,-0.08543924580376684,,,0,0.0005,0.0138,0.0155,0.0164,0.1939
19.8804804,99.8305029,2025-12-09,47.1,0.0091,0.0792,0.2123,0.1951,0.1324,0.1526000052690506,0.1766,0.1678,0.193,0.1915,0.2018,0.2081,0.2418,-0.16360645072320834,0,0,0,0.0,0,-0.06659619450317125,0.07290399254803945,-0.13882616817005447,,,0,0.0005,0.0132,0.0156,0.0181,0.0742
19.8790354,99.8892302,2025-05-13,387.0,0.0237,0.5028,0.5569,0.4401,0.6012,0.5960000157356262,0.5836,0.5748,0.5688,0.5581,0.5977,0.5565,0.5501,0.03391448972327222,0,0,0,0.01,0,-0.011936002708880048,-0.010512051178545697,-0.001424130218617917,,,0,0.0009,0.0255,0.0255,0.0255,0.3254
19.8790354,99.8892302,2025-06-09,320.0,0.0293,0.1035,0.2614,0.1942,0.2248,0.2624000012874603,0.2552,0.2529,0.2686,0.2656,0.2831,0.2871,0.3677,0.001909128073696791,0,0,0,0.0,0,-0.05182983466468519,-0.013910357939627726,-0.03794683531381236,,,0,0.0005,0.0228,0.0255,0.0255,0.4718
19.8790354,99.8892302,2025-09-01,224.0,0.0254,0.0812,0.2045,0.1704,0.177,0.2003999948501587,0.2158,0.2124,0.211,0.2351,0.2155,0.2308,0.2955,-0.010125969874014408,0,0,0,0.0,0,0.0006955715279387774,0.03700145444592244,-0.036306817352285775,,,0,0.0005,0.0184,0.0204,0.0219,0.4319
19.8790354,99.8892302,2025-11-04,232.0,0.0079,0.0497,0.1564,0.1257,0.1214,0.1509999930858612,0.1576,0.139,0.1669,0.1581,0.1825,0.1714,0.2334,-0.01756671124137113,0,0,0,0.0,0,-0.07321376065862983,0.02138693150360012,-0.09445279630344387,,,0,0.0005,0.0131,0.0152,0.0157,0.1762
19.8790354,99.8892302,2025-12-09,88.7,0.0091,0.0485,0.1516,0.1279,0.1192,0.147599995136261,0.1562,0.1371,0.1356,0.1617,0.1864,0.1486,0.228,-0.013369000430355464,0,0,0,0.0,0,-0.08814944541739639,0.028308113895399264,-0.11616768092439612,,,0,0.0005,0.0128,0.0148,0.0157,0.0449
20.346723,100.085873,2025-05-27,571.0,0.0255,0.1232,0.0768,0.0669,0.1324,0.17579999566078186,0.2162,0.2057,0.128,0.1298,0.0989,0.1028,0.0903,0.3919239800531493,0,0,0,0.0,0,0.3722627737226277,0.10306123670005951,0.27994174326723753,,,0,0.0006,0.0135,0.0179,0.022,0.5023
20.346723,100.085873,2025-06-09,352.0,0.0255,0.1232,0.0768,0.0669,0.1324,0.17579999566078186,0.2162,0.2057,0.128,0.1298,0.0989,0.1028,0.0903,0.3919239800531493,0,0,0,0.0,0,0.3722627737226277,0.10306123670005951,0.27994174326723753,,,0,0.0006,0.0135,0.0179,0.022,0.5023
20.346723,100.085873,2025-09-01,190.0,0.0205,0.0716,0.0172,0.0163,0.0808,0.13099999725818634,0.1714,0.1512,0.0674,0.0684,0.0506,0.0375,0.0103,0.767881237271077,0,0,0,0.0,0,0.5441441441441441,0.133597893876039,0.4427312691193446,,,0,0.0006,0.0084,0.0134,0.0174,0.4576
20.346723,100.085873,2025-09-22,282.0,0.0142,0.0807,0.0186,0.0155,0.0867,0.13179999589920044,0.1968,0.2017,0.1325,0.1356,0.1054,0.0916,0.0219,0.752659567724112,0,0,0,0.0,0,0.30244870946393115,0.19780890113199703,0.11129846692922914,,,0,0.0006,0.009,0.0134,0.02,0.4356
20.346723,100.085873,2025-11-04,260.0,0.0063,0.0515,0.0057,0.0046,0.0626,0.10920000076293945,0.1296,0.1169,0.047,0.0496,0.0389,0.0275,0.0048,0.9007832904760343,0,0,0,0.0,0,0.5382789317507419,0.08542713221057291,0.474679273469196,,,0,0.0006,0.0063,0.011,0.0133,0.1994
20.346723,100.085873,2025-12-09,77.0,0.0074,0.0452,0.006,0.0036,0.0612,0.09459999948740005,0.1054,0.0927,0.0373,0.0376,0.0314,0.021,0.0046,0.880715705157603,0,0,0,0.0,0,0.5409356725146199,0.054000002701401685,0.5015872995596324,,,0,0.0006,0.0064,0.0097,0.0107,0.0727
20.2781699,100.0886618,2025-05-13,124.0,0.0153,0.0997,0.2474,0.2246,0.1266,0.15559999644756317,0.173,0.2418,0.2601,0.2763,0.3196,0.2756,0.1523,-0.2277915740983921,0,0,0,0.0,0,-0.2976045473000406,0.05295192860786731,-0.3451178551734979,,,0,0.0005,0.0131,0.0159,0.0176,0.5401
20.2781699,100.0886618,2025-06-23,576.0,0.0283,0.1784,0.2011,0.1497,0.1644,0.186599999666214,0.19,0.2225,0.2354,0.2486,0.261,0.2391,0.3436,-0.03740005247941611,0,0,0,0.004,0,-0.1574279379157428,0.009028147468931179,-0.16621984001176915,,,0,0.0008,0.0168,0.019,0.0194,0.4574
20.2781699,100.0886618,2025-09-01,145.0,0.0204,0.2871,0.288,0.2195,0.3024,0.28839999437332153,0.274,0.2858,0.2855,0.2894,0.3116,0.2829,0.3494,0.0006939527710378279,0,0,0,0.0084,0,-0.06420765027322399,-0.025604542171746156,-0.03866667640707235,,,0,0.0009,0.0255,0.0255,0.0255,0.4576
20.2781699,100.0886618,2025-11-04,223.0,0.0063,0.0539,0.161,0.1406,0.081,0.11219999939203262,0.1328,0.1741,0.1614,0.1707,0.1815,0.1602,0.0808,-0.17862372151011996,0,0,0,0.0,0,-0.15494750238625513,0.08408163534320927,-0.2359550587382375,,,0,0.0005,0.0083,0.0114,0.0134,0.2891
20.2781699,100.0886618,2025-12-09,77.4,0.0074,0.0519,0.1717,0.14,0.0751,0.11739999800920486,0.1344,0.1708,0.1616,0.1718,0.204,0.1764,0.0935,-0.1878242904348489,0,0,0,0.0,0,-0.20567375886524822,0.06751390836060957,-0.26944618085627653,,,0,0.0005,0.008,0.0119,0.0135,0.1487
20.2558231,100.1787482,2025-06-09,245.0,0.0255,0.0783,0.2652,0.1889,0.0849,0.11739999800920486,0.1302,0.1795,0.3061,0.3392,0.3452,0.3474,0.3315,-0.386304241400543,0,0,0,0.0,0,-0.4522507362221287,0.05169629278558915,-0.49243407473223194,,,0,0.0004,0.0088,0.012,0.0133,0.5807
20.2558231,100.1787482,2025-06-23,465.0,0.0289,0.163,0.2448,0.1928,0.1644,0.1876000016927719,0.1802,0.2266,0.302,0.3436,0.3352,0.356,0.5674,-0.1322849169364012,0,0,0,0.0033,0,-0.30073729142413663,-0.020119634743648612,-0.2823259331088651,,,0,0.0008,0.0168,0.0191,0.0184,0.4574
20.2558231,100.1787482,2025-09-01,170.0,0.0208,0.0532,0.159,0.0961,0.0386,0.05909999832510948,0.0542,0.1208,0.2026,0.2088,0.1839,0.2223,0.2155,-0.45804677873484057,0,0,0,0.0001,0,-0.5447291054178917,-0.043247999978333174,-0.5135802573460133,,,0,0.0003,0.0041,0.0061,0.0056,0.4576
20.2558231,100.1787482,2025-09-22,208.0,0.0148,0.0673,0.2025,0.1267,0.0662,0.09939999878406525,0.0882,0.1601,0.2972,0.3211,0.2954,0.3105,0.3053,-0.3415038146113982,0,0,0,0.0001,0,-0.5401459854014599,-0.05970148644274178,-0.49645390531811123,,,0,0.0004,0.007,0.0101,0.0089,0.5652
20.2558231,100.1787482,2025-11-04,216.0,0.0063,0.0441,0.2182,0.1593,0.0619,0.09399999678134918,0.1058,0.1419,0.2057,0.2224,0.2224,0.2534,0.2503,-0.39782192344362804,0,0,0,0.0,0,-0.3552711761121267,0.05905907611982666,-0.40581543781551516,,,0,0.0005,0.0062,0.0095,0.0109,0.2544
20.2558231,100.1787482,2025-12-09,52.2,0.0074,0.0439,0.2138,0.1668,0.0568,0.09430000185966492,0.1054,0.1353,0.2065,0.224,0.2278,0.2253,0.2508,-0.38786107568660644,0,0,0,0.0,0,-0.3673469387755102,0.05558336523269225,-0.41446754849290385,,,0,0.0005,0.0057,0.0096,0.011,0.079
20.454444,99.967552,2025-06-09,925.0,0.03,0.0626,0.309,0.1893,0.0849,0.1273999959230423,0.1688,0.1836,0.2159,0.2293,0.2076,0.2498,0.2905,-0.4161320022307751,0,0,0,0.0,0,-0.1030818278427205,0.1397704410762859,-0.23940300015818988,,,0,0.0005,0.0087,0.013,0.0172,0.5167
20.454444,99.967552,2025-09-01,290.0,0.0222,0.0644,0.2662,0.1535,0.0738,0.10980000346899033,0.1186,0.1705,0.233,0.2509,0.226,0.2631,0.2238,-0.4159574337448334,0,0,0,0.0,0,-0.3116656993615787,0.03852888089909526,-0.34603929520727433,,,0,0.0003,0.0076,0.0112,0.0121,0.4576
20.454444,99.967552,2025-09-22,352.0,0.0142,0.0726,0.1512,0.0886,0.0668,0.08780000358819962,0.0882,0.1398,0.1892,0.1977,0.1334,0.2144,0.2608,-0.2652719475311786,0,0,0,0.0,0,-0.20397111913357396,0.0022727068388946553,-0.2061482625320943,,,0,0.0005,0.0067,0.009,0.009,0.4904
20.454444,99.967552,2025-11-04,376.0,0.0063,0.0407,0.2412,0.1509,0.0414,0.07109999656677246,0.0656,0.132,0.2406,0.2759,0.2603,0.2886,0.2537,-0.5446686048773577,0,0,0,0.0,0,-0.5974225222460877,-0.04023406514195432,-0.5709113017299213,,,0,0.0004,0.0042,0.0073,0.0068,0.2769
20.454444,99.967552,2025-12-09,281.0,0.0091,0.0395,0.2413,0.1661,0.0562,0.0851999968290329,0.0944,0.1428,0.1957,0.2224,0.2549,0.2263,0.2014,-0.4781010863308114,0,0,0,0.0,0,-0.4594904093902091,0.05122496288084506,-0.49897090489028945,,,0,0.0005,0.0058,0.0087,0.0096,0.109
20.454444,99.967552,2025-06-09,1543.0,0.03,0.0626,0.309,0.1893,0.0849,0.1273999959230423,0.1688,0.1836,0.2159,0.2293,0.2076,0.2498,0.2905,-0.4161320022307751,0,0,0,0.0,0,-0.1030818278427205,0.1397704410762859,-0.23940300015818988,,,0,0.0005,0.0087,0.013,0.0172,0.5167
20.366731,100.083899,2025-09-01,303.0,0.0204,0.0439,0.1739,0.0739,0.0517,0.08839999884366989,0.0916,0.1364,0.2998,0.3563,0.2574,0.339,0.2639,-0.3259626440459418,0,0,0,0.0,0,-0.4750716332378223,0.017777784316039425,-0.4887218094894559,,,0,0.0003,0.0052,0.009,0.0094,0.4576
20.366731,100.083899,2025-09-22,497.0,0.0142,0.0379,0.0414,0.0201,0.028,0.03629999980330467,0.0354,0.0451,0.0889,0.1071,0.0762,0.1074,0.0772,-0.06563706833469539,0,0,0,0.0,0,-0.3655913978494624,-0.012552298546354949,-0.35466666903516986,,,0,0.0003,0.0029,0.0037,0.0036,0.4356
20.366731,100.083899,2025-11-04,338.0,0.0063,0.0361,0.1185,0.0531,0.0268,0.05180000141263008,0.0489,0.0811,0.1986,0.2718,0.1794,0.2572,0.2452,-0.3916617617973971,0,0,0,0.0,0,-0.5716162943495401,-0.028798424746261778,-0.5519031047047361,,,0,0.0004,0.0028,0.0053,0.005,0.2448
20.366731,100.083899,2025-12-09,338.0,0.0074,0.0334,0.1086,0.0478,0.0364,0.0575999990105629,0.0596,0.0902,0.1847,0.2233,0.171,0.252,0.2682,-0.3068592135562876,0,0,0,0.0,0,-0.48308759757155245,0.017064855002744916,-0.4960629986013134,,,0,0.0004,0.0037,0.0059,0.0061,0.0974
20.460637,99.95104,2025-05-13,399.0,0.0248,0.0573,0.2759,0.1803,0.0916,0.12120000272989273,0.1138,0.1641,0.3017,0.3269,0.3259,0.3654,0.333,-0.38957440495243245,0,0,0,0.0,0,-0.48237434614509894,-0.03148937295289413,-0.4578394006268281,,,0,0.0004,0.0094,0.0125,0.0117,0.4367
20.460637,99.95104,2025-05-27,3050.0,0.0227,0.0554,0.2447,0.1405,0.1036,0.13120000064373016,0.1378,0.1423,0.2955,0.3406,0.3405,0.3581,0.197,-0.3019420036230398,0,0,0,0.0,0,-0.4237925987873719,0.02453531353336699,-0.4437142231728591,,,0,0.0003,0.0102,0.0134,0.0142,0.4104
20.460637,99.95104,2025-06-09,2559.0,0.03,0.182,0.3182,0.1886,0.2578,0.2655999958515167,0.2512,0.2689,0.3703,0.4007,0.3879,0.4336,0.381,-0.09009935683840173,0,0,0,0.0,0,-0.21389453919574408,-0.02786376928620187,-0.18714614372586985,,,0,0.0005,0.0255,0.0255,0.0255,0.52
20.460637,99.95104,2025-09-22,380.0,0.022,0.0453,0.2028,0.1165,0.0746,0.10459999740123749,0.0917,0.1392,0.3485,0.3893,0.3357,0.413,0.2873,-0.3194534919614388,0,0,0,0.0,0,-0.5708937763219466,-0.06571572884369362,-0.5248694162225153,,,0,0.0004,0.0074,0.0108,0.0094,0.5356
20.460637,99.95104,2025-11-04,476.0,0.008,0.0303,0.1766,0.1032,0.0612,0.09019999951124191,0.0875,0.1039,0.2782,0.3103,0.3121,0.3305,0.2788,-0.32383808338469483,0,0,0,0.0,0,-0.5620620620620621,-0.015194144730828248,-0.5515784259466728,,,0,0.0004,0.0064,0.0093,0.0091,0.252
20.460637,99.95104,2025-12-09,216.0,0.0091,0.0279,0.1728,0.1063,0.0577,0.08340000361204147,0.0824,0.1097,0.2335,0.2739,0.314,0.3122,0.2904,-0.3489461168132345,0,0,0,0.0,0,-0.584258324924319,-0.006031384742194575,-0.5802717521187541,,,0,0.0004,0.0062,0.0085,0.0086,0.1197
20.4485278,99.9046667,2025-05-13,389.0,0.0243,0.0483,0.2406,0.1754,0.1372,0.1736000031232834,0.1698,0.1569,0.2911,0.3443,0.2744,0.3763,0.4025,-0.16175759626147224,0,0,0,0.0005,0,-0.23547951373255285,-0.011065821458129538,-0.224999991459772,,,0,0.0004,0.014,0.0177,0.0173,0.3802
20.4485278,99.9046667,2025-05-27,2855.0,0.0226,0.1957,0.3453,0.2686,0.2076,0.22759999334812164,0.2366,0.2457,0.3529,0.3976,0.3649,0.4161,0.5351,-0.20544599060652838,0,0,0,0.0,0,-0.2133000831255195,0.019388209351241643,-0.23172997163429188,,,0,0.0008,0.0211,0.0232,0.0241,0.4104
20.4485278,99.9046667,2025-06-09,2473.0,0.0299,0.257,0.381,0.2885,0.2234,0.2556000053882599,0.2656,0.3083,0.4059,0.4322,0.3892,0.4609,0.4483,-0.19698396724841236,0,0,0,0.0,0,-0.18875992669517408,0.019186482172598544,-0.20719601968876256,,,0,0.0005,0.0227,0.0255,0.0255,0.4998
20.4485278,99.9046667,2025-08-18,367.0,0.0293,0.1547,0.3447,0.2581,0.2542,0.28679999709129333,0.282,0.282,0.3886,0.4503,0.4008,0.4696,0.505,-0.09168646583593935,0,0,0,0.0,0,-0.1739894551845343,-0.008438813494794998,-0.16579407124920442,,,0,0.0005,0.0255,0.0255,0.0255,0.4483
20.4485278,99.9046667,2025-09-01,268.0,0.0293,0.1547,0.3447,0.2581,0.2542,0.28679999709129333,0.282,0.282,0.3886,0.4503,0.4008,0.4696,0.505,-0.09168646583593935,0,0,0,0.0,0,-0.1739894551845343,-0.008438813494794998,-0.16579407124920442,,,0,0.0005,0.0255,0.0255,0.0255,0.4483
20.4485278,99.9046667,2025-09-22,409.0,0.0209,0.0392,0.2289,0.174,0.1382,0.16439999639987946,0.1692,0.1473,0.2876,0.3185,0.2807,0.3626,0.3976,-0.16399695954876523,0,0,0,0.0009,0,-0.24783285174483224,0.014388500155638095,-0.2612896080449217,,,0,0.0004,0.0141,0.0168,0.0172,0.4481
20.4485278,99.9046667,2025-11-04,543.0,0.0079,0.0296,0.2076,0.1459,0.0942,0.1298000067472458,0.1356,0.1374,0.2349,0.2783,0.224,0.2887,0.3464,-0.23058681593636127,0,0,0,0.0001,0,-0.24582869855394882,0.021853779597970562,-0.26625209569328967,,,0,0.0004,0.0094,0.0132,0.0138,0.2013
20.4485278,99.9046667,2025-12-09,179.0,0.0091,0.0331,0.2054,0.1443,0.105,0.13600000739097595,0.152,0.1312,0.2317,0.2817,0.2313,0.2979,0.3351,-0.2032805832061574,0,0,0,0.0003,0,-0.2068875554396035,0.0555555284667169,-0.259460905775537,,,0,0.0004,0.0107,0.0139,0.0156,0.0835
20.443851,99.874161,2025-05-13,265.0,0.0242,0.0794,0.2326,0.1827,0.0814,0.11760000139474869,0.1342,0.1683,0.2023,0.2225,0.2054,0.2231,0.3012,-0.32838377540616354,0,0,0,0.0,0,-0.2096584216725559,0.06592533166521865,-0.271826619895113,,,0,0.0005,0.0084,0.012,0.0136,0.3802
20.443851,99.874161,2025-05-27,2564.0,0.0226,0.0779,0.1306,0.0951,0.0786,0.09350000321865082,0.107,0.133,0.1465,0.1525,0.1177,0.1559,0.1477,-0.1655510765216335,0,0,0,0.0,0,-0.04761904761904762,0.06733165368893815,-0.1145833163472798,,,0,0.0003,0.008,0.0095,0.0109,0.4104
20.443851,99.874161,2025-06-09,628.0,0.0293,0.1064,0.2258,0.1833,0.1378,0.18199999630451202,0.2138,0.2208,0.2268,0.2459,0.2225,0.2557,0.3017,-0.10740560101129006,0,0,0,0.0,0,-0.01994040797616322,0.08034361796967368,-0.10012361944497802,,,0,0.0005,0.0141,0.0185,0.0218,0.4891
20.443851,99.874161,2025-08-18,491.0,0.0293,0.4016,0.4513,0.3782,0.3984,0.3856000006198883,0.3748,0.3989,0.4363,0.4809,0.4595,0.4945,0.6015,-0.07850400206888274,0,0,0,0.0098,0,-0.10152223420831834,-0.014203051829410807,-0.08744527195113645,,,0,0.0009,0.0255,0.0255,0.0255,0.4236
20.443851,99.874161,2025-09-01,390.0,0.0293,0.4016,0.4513,0.3782,0.3984,0.3856000006198883,0.3748,0.3989,0.4363,0.4809,0.4595,0.4945,0.6015,-0.07850400206888274,0,0,0,0.0098,0,-0.10152223420831834,-0.014203051829410807,-0.08744527195113645,,,0,0.0009,0.0255,0.0255,0.0255,0.4236
20.443851,99.874161,2025-09-22,454.0,0.0203,0.0932,0.0995,0.0782,0.0728,0.11500000208616257,0.1434,0.1569,0.1431,0.1542,0.121,0.1379,0.2394,0.07226108128398227,0,0,0,0.0,0,0.08472012102874435,0.10990711178232714,-0.025423719749150073,,,0,0.0005,0.0075,0.0117,0.0146,0.4097
20.443851,99.874161,2025-11-04,541.0,0.0079,0.0639,0.1019,0.0793,0.057,0.09350000321865082,0.1208,0.1348,0.1134,0.1097,0.0934,0.1034,0.202,-0.04298872386378452,0,0,0,0.0,0,0.1279178338001868,0.12739149030014213,0.0005350626908969556,,,0,0.0005,0.0058,0.0094,0.0122,0.1671
20.443851,99.874161,2025-12-09,268.0,0.0091,0.0653,0.1076,0.0792,0.0628,0.10000000149011612,0.1266,0.13,0.1226,0.1315,0.1038,0.1064,0.1903,-0.03660885575786337,0,0,0,0.0,0,0.09895833333333327,0.11738745955411706,-0.01864572366094009,,,0,0.0005,0.0064,0.0102,0.013,0.0662
19.6563156,99.5448396,2025-05-27,275.0,0.033,0.0727,0.2474,0.2134,0.0994,0.14059999585151672,0.1228,0.1953,0.2576,0.283,0.2933,0.2881,0.2886,-0.2752577455937769,0,0,0,0.0,0,-0.4097572698870463,-0.06757781371246069,-0.35192441947092845,,,0,0.0005,0.0102,0.0142,0.0125,0.4819
19.6563156,99.5448396,2025-06-09,80.2,0.033,0.0727,0.2474,0.2134,0.0994,0.14059999585151672,0.1228,0.1953,0.2576,0.283,0.2933,0.2881,0.2886,-0.2752577455937769,0,0,0,0.0,0,-0.4097572698870463,-0.06757781371246069,-0.35192441947092845,,,0,0.0005,0.0102,0.0142,0.0125,0.4819
19.6563156,99.5448396,2025-07-01,46.3,0.0174,0.2496,0.4282,0.3819,0.3068,0.32280001044273376,0.3072,0.3843,0.4553,0.4813,0.4388,0.4997,0.4206,-0.1403461892032868,0,0,0,0.01,0,-0.17640750670241293,-0.024761920927224835,-0.15231090856975313,,,0,0.0009,0.0255,0.0255,0.0255,0.4408
19.6563156,99.5448396,2025-07-21,57.0,0.0174,0.2496,0.4282,0.3819,0.3068,0.32280001044273376,0.3072,0.3843,0.4553,0.4813,0.4388,0.4997,0.4206,-0.1403461892032868,0,0,0,0.01,0,-0.17640750670241293,-0.024761920927224835,-0.15231090856975313,,,0,0.0009,0.0255,0.0255,0.0255,0.4408
19.6563156,99.5448396,2025-09-01,120.0,0.0257,0.07,0.2574,0.2011,0.0888,0.12359999865293503,0.115,0.1653,0.2568,0.2795,0.2841,0.3081,0.3043,-0.35118110713944556,0,0,0,0.0,0,-0.4237033324981208,-0.03604358215208747,-0.39367182211765145,,,0,0.0004,0.0091,0.0125,0.0116,0.4619
19.6563156,99.5448396,2025-09-22,84.7,0.0207,0.0774,0.2657,0.2006,0.0772,0.11299999803304672,0.1098,0.1799,0.2413,0.2668,0.2868,0.3047,0.3053,-0.4032215546872755,0,0,0,0.0,0,-0.4462934947049924,-0.014362648390024173,-0.434717365737924,,,0,0.0004,0.0079,0.0115,0.0112,0.4332
20.168902,100.574694,2024-03-07,9.97,0.038,0.0564,0.1307,0.0973,0.055,0.09099999815225601,0.0996,0.0997,0.0732,0.0743,0.1059,0.086,0.1229,-0.17907082624547155,0,0,0,0.0,0,-0.030656934306569347,0.045120681695254204,-0.07567294051583648,,,0,0.0007,0.0055,0.0093,0.0103,0.1602
20.276106,100.088551,2024-03-07,5.61,0.0379,0.0742,0.2937,0.2412,0.0866,0.1128000020980835,0.1302,0.1842,0.2064,0.2279,0.2541,0.2516,0.1878,-0.4450184427262747,0,0,0,0.0,0,-0.3224043715846994,0.07160492901927322,-0.38511855299510933,,,0,0.0005,0.0086,0.0116,0.0136,0.183
20.168902,100.574694,2024-04-30,15.6,0.0617,0.0736,0.1351,0.1138,0.0693,0.09300000220537186,0.0926,0.116,0.093,0.0897,0.078,0.0935,0.1587,-0.18456816040152002,0,0,0,0.0,0,0.08558030480656507,-0.0021551842705758197,0.0877193100112173,,,0,0.0005,0.0073,0.0097,0.0096,0.2338
20.276106,100.088551,2024-04-30,7.17,0.061,0.0883,0.3064,0.2562,0.1052,0.125,0.1502,0.188,0.2096,0.2246,0.2384,0.2503,0.2372,-0.42049142327306444,0,0,0,0.0,0,-0.226968605249614,0.09156976744186046,-0.3120528343423225,,,0,0.0005,0.0104,0.0128,0.0153,0.2654
20.168902,100.574694,2024-11-25,84.0,0.0108,0.0554,0.0291,0.0247,0.0556,0.0949999988079071,0.1284,0.1317,0.0813,0.0882,0.0702,0.063,0.0625,0.5310233637464649,0,0,0,0.0,0,0.29305135951661626,0.1495076158026851,0.15012105924252636,,,0,0.0005,0.0055,0.0097,0.0131,0.2541
20.276106,100.088551,2024-11-25,119.0,0.0102,0.0796,0.2587,0.2262,0.1,0.12999999523162842,0.1534,0.1796,0.1981,0.2154,0.2084,0.2165,0.195,-0.331103695259061,0,0,0,0.0,0,-0.15201768933112214,0.0825688255543064,-0.23167850435313467,,,0,0.0005,0.01,0.0134,0.0157,0.2934
20.168902,100.574694,2025-03-06,18.3,0.0516,0.0426,0.0248,0.0196,0.0572,0.08330000191926956,0.0913,0.0749,0.0336,0.0315,0.0275,0.014,0.0535,0.5411655955654663,0,0,0,0.0,0,0.5370370370370371,0.0458190033951399,0.5036101169016787,,,0,0.0005,0.0058,0.0085,0.0093,0.098
20.276106,100.088551,2025-03-06,18.0,0.0514,0.0687,0.254,0.1983,0.0762,0.10580000281333923,0.1138,0.1648,0.1987,0.2258,0.2363,0.2388,0.2063,-0.4118954864587522,0,0,0,0.0,0,-0.34990002856326763,0.0364298592175374,-0.3814673958300602,,,0,0.0005,0.0077,0.0107,0.0114,0.1755
