OBJECTID,Number,Name,Code,Province,Region,Surface_Wa,Date,Turbidity_,Year,Quarter,Time,Salinity_p,Lastest_WQ,Average_WQ,Quality_St,BOD_ppm,COD_ppm,EC_microS_,NH4_N_ppm,pH,Temp_Celsi,station_la,station_lo,B2,B3,B4,B8,B11,NDWI,MNDWI,NDTI,NDSSI
9,339,MU01,MU01,Ubon Ratchathani,Northeastern,Mun River,2/20/2024,2.9,2024,Q1,0:17:56,0.0,74.9875,74.9875,Good,0.8, ,252.0,0.25,8.0,31.5,15.314934,105.503058,0.0768,0.0753,0.0537,0.039,0.0211,0.31758530183727035,0.5622406639004149,-0.16744186046511633,-0.15857605177993525
10,358,MU04,MU04,Ubon Ratchathani,Northeastern,Mun River,2/20/2024,3.6,2024,Q1,0:17:56,0.0,73.861848,73.861848,Good,0.6, ,297.0,0.39,8.3,33.2,15.249888,105.239367,0.0763,0.0924,0.0734,0.0726,0.0531,0.12000000000000001,0.27010309278350514,-0.11459589867310005,-0.005479452054794582
1,9,MU07,MU07,Ubon Ratchathani,Northeastern,Mun River,2/19/2024,5.0,2024,Q1,0:17:56,0.1,74.63568,74.63568,Good,0.7, ,317.0,0.25,8.0,33.7,15.206093,104.813639,0.0905,0.0996,0.1176,0.1074,0.1143,-0.037681159420289864,-0.06872370266479666,0.08287292817679559,-0.045333333333333344
4,202,NK01,NK01,Ubon Ratchathani,Northeastern,Mekong River,2/13/2024,5.5,2024,Q1,0:17:56,0.1,64.879176,64.879176,Moderate,2.1, ,467.0,0.33,7.5,28.0,15.320425,105.557412,0.0696,0.0805,0.0641,0.0772,0.0485,0.020925808497146463,0.24806201550387597,-0.11341632088520054,0.0927105449398443
9,339,MU01,MU01,Ubon Ratchathani,Northeastern,Mun River,2/11/2025,6.5,2025,Q1,0:17:56,0.0,71.360976,71.360976,Good,0.7, ,65.0,0.28,7.1,28.6,15.314934,105.503058,0.0458,0.0538,0.0322,0.0174,0.0119,0.5112359550561798,0.6377473363774733,-0.25116279069767444,-0.29838709677419356
8,285,MU02,MU02,Ubon Ratchathani,Northeastern,Mun River,2/11/2025,7.0,2025,Q1,0:17:56,0.0,84.80164,84.80164,Good,0.9, ,76.0,0.22,7.3,29.1,15.288511,105.467409,0.0429,0.0477,0.03,0.0219,0.0198,0.3706896551724138,0.4133333333333333,-0.22779922779922784,-0.1560693641618497
6,236,NK02,NK02,Ubon Ratchathani,Northeastern,Mekong River,2/5/2025,7.4,2025,Q1,0:17:56,0.1,85.11408,85.11408,Good,0.8, ,404.0,0.16,8.4,27.6,16.036174,105.290887,0.0966,0.1182,0.1316,0.1484,0.2065,-0.113278319579895,-0.27194333230674467,0.053642914331465154,0.060000000000000026
16,546,LD3,LD3,Ubon Ratchathani,Northeastern,Lam Dom Yai,2/6/2025,7.5,2025,Q1,0:17:56,0.1,86.851,86.851,Good,0.5, ,370.0,0.22,8.1,28.6,14.492911,105.135185,0.0602,0.0709,0.082,0.1123,0.0777,-0.22598253275109165,-0.04576043068640646,0.0725964682799215,0.15594441585177557
10,358,MU04,MU04,Ubon Ratchathani,Northeastern,Mun River,2/11/2025,7.6,2025,Q1,0:17:56,0.1,64.427416,64.427416,Moderate,1.7, ,371.0,0.28,8.2,28.4,15.249888,105.239367,0.0572,0.0653,0.0606,0.0536,0.0325,0.09840201850294361,0.33537832310838445,-0.037331215250198536,-0.06129597197898423
1,9,MU07,MU07,Ubon Ratchathani,Northeastern,Mun River,2/10/2025,7.7,2025,Q1,0:17:56,0.1,80.59858,80.59858,Good,0.2, ,396.0,0.22,8.3,30.2,15.206093,104.813639,0.0957,0.109,0.1108,0.1013,0.1214,0.036614360437470274,-0.05381944444444442,0.008189262966333013,-0.04479019330504476
14,496,MU05,MU05,Ubon Ratchathani,Northeastern,Mun River,2/10/2025,8.0,2025,Q1,0:17:56,0.1,82.33698,82.33698,Good,1.3, ,483.0,0.16,8.2,30.2,15.243306,104.954793,0.0992,0.1162,0.1178,0.1154,0.0891,0.003454231433506024,0.1320019483682416,0.006837606837606856,-0.010291595197255572
15,517,MU03,MU03,Ubon Ratchathani,Northeastern,Mun River,2/11/2025,8.0,2025,Q1,0:17:56,0.0,72.07406,72.07406,Good,1.3, ,18.0,0.25,8.7,29.3,15.271514,105.457561,0.0327,0.0393,0.0196,0.0082,0.0071,0.6547368421052632,0.6939655172413792,-0.33446519524618,-0.41007194244604317
3,51,LSB1,LSB1,Ubon Ratchathani,Northeastern,Lam Sae Bai,2/13/2025,8.3,2025,Q1,0:17:56,0.0,74.41334,74.41334,Good,0.9, ,226.0,0.25,7.8,28.6,15.32769,104.681849,0.0682,0.0786,0.0804,0.088,0.0831,-0.056422569027610996,-0.027829313543599195,0.011320754716981107,0.04513064133016625
2,41,LD1,LD1,Ubon Ratchathani,Northeastern,Lam Dom Yai,2/6/2025,8.4,2025,Q1,0:17:56,0.1,75.88264,75.88264,Good,0.6, ,425.0,0.25,8.0,28.7,15.233948,105.160896,0.1224,0.143,0.1642,0.2042,0.1986,-0.17626728110599083,-0.16276346604215458,0.06901041666666674,0.10857763300760039
4,202,NK01,NK01,Ubon Ratchathani,Northeastern,Mekong River,2/5/2025,8.5,2025,Q1,0:17:56,0.1,71.0068,71.0068,Good,1.6, ,364.0,0.19,8.7,28.0,15.320425,105.557412,0.08,0.0932,0.0768,0.0602,0.0316,0.21512385919165586,0.49358974358974356,-0.0964705882352942,-0.12116788321167882
13,456,CI02,CI02,Ubon Ratchathani,Northeastern,Lam Chiang Krai,2/11/2024,11.7,2024,Q1,0:17:56,0.0,69.55548,69.55548,Moderate,1.3, ,288.0,0.3,7.6,28.6,15.311707,104.436763,0.0714,0.0952,0.0696,0.0492,0.0903,0.31855955678670367,0.02641509433962265,-0.1553398058252428,-0.17171717171717168
29,456,CI02,CI02,Ubon Ratchathani,Northeastern,Lam Chiang Krai,5/12/2024,12.2,2024,Q2,0:17:56,0.0,86.71208,86.71208,Good,0.5, ,211.0,0.16,7.0,33.9,15.311707,104.436763,0.1426,0.1766,0.1724,0.1346,0.1992,0.13496143958868898,-0.060138371474188344,-0.012034383954154754,-0.12312703583061889
22,236,NK02,NK02,Ubon Ratchathani,Northeastern,Mekong River,5/14/2024,12.5,2024,Q2,0:17:56,0.1,82.44488,82.44488,Good,0.6, ,430.0,0.22,8.6,32.1,16.036174,105.290887,0.0999,0.1284,0.1406,0.1798,0.248,-0.16677482154445167,-0.3177470775770458,0.04535315985130117,0.12234706616729084
64,546,LD3,LD3,Ubon Ratchathani,Northeastern,Lam Dom Yai,11/13/2024,18.8,2024,Q4,0:17:56,0.0,69.0,69.0,Moderate,1.8, ,58.5,0.25,7.2,28.6,14.492911,105.135185,0.063,0.0908,0.0968,0.0995,0.0749,-0.045717288491854954,0.09595654797827405,0.031982942430703584,0.013754457463066775
7,269,CI01,CI01,Ubon Ratchathani,Northeastern,Lam Chiang Krai,2/11/2024,24.7,2024,Q1,0:17:56,0.1,69.234336,69.234336,Moderate,1.5, ,316.0,0.28,7.6,28.3,15.18436,104.715052,0.0744,0.1086,0.0902,0.0393,0.0177,0.4685598377281947,0.7197149643705464,-0.0925553319919517,-0.39305019305019306
51,51,LSB1,LSB1,Ubon Ratchathani,Northeastern,Lam Sae Bai,11/20/2024,25.3,2024,Q4,0:17:56,0.0,85.0,85.0,Good,0.4, ,140.0,0.19,7.1,28.6,15.32769,104.681849,0.0753,0.071,0.0712,0.0972,0.0718,-0.15576694411414985,-0.005602240896358608,0.001406469760900181,0.1543942992874109
58,358,MU04,MU04,Ubon Ratchathani,Northeastern,Mun River,11/19/2024,27.7,2024,Q4,0:17:56,0.1,74.0,74.0,Good,0.3, ,338.0,0.25,6.9,28.4,15.249888,105.239367,0.0908,0.1268,0.1146,0.0791,0.0657,0.23166585721223892,0.3174025974025974,-0.05053852526926265,-0.18327310273618994
53,226,MU08,MU08,Ubon Ratchathani,Northeastern,Mun River,11/18/2024,35.5,2024,Q4,0:17:56,0.2,85.0,85.0,Good,0.4, ,421.0,0.16,7.6,29.6,15.182123,104.714926,0.0601,0.095,0.0897,0.0307,0.0136,0.5115354017501988,0.7495395948434622,-0.02869518137520303,-0.49003322259136206
59,369,LD2,LD2,Ubon Ratchathani,Northeastern,Lam Dom Yai,11/13/2024,67.3,2024,Q4,0:17:56,0.0,67.0,67.0,Moderate,1.7, ,66.7,0.31,7.6,28.4,14.900369,105.080195,0.1572,0.1926,0.2256,0.2262,0.2075,-0.08022922636103157,-0.037240689827543104,0.07890961262553801,0.0013280212483400115
46,496,MU05,MU05,Ubon Ratchathani,Northeastern,Mun River,8/14/2024,74.7,2024,Q3,0:17:56,0.0,78.6925,78.6925,Good,1.3, ,159.0,0.19,6.6,30.1,15.243306,104.954793,0.2264,0.2768,0.2972,0.229,0.2115,0.09450375642546457,0.13372926479623182,0.0355400696864112,-0.12960851387305208
52,202,NK01,NK01,Ubon Ratchathani,Northeastern,Mekong River,11/12/2024,83.2,2024,Q4,0:17:56,0.0,63.0,63.0,Moderate,3.4, ,298.0,0.19,7.9,28.0,15.320425,105.557412,0.0701,0.116,0.1346,0.056,0.0215,0.3488372093023256,0.6872727272727273,0.07422186751795687,-0.41238195173137465
